province,topic,date,content,label,score,is_match,是否为“学习考察”新闻
甘肃省,嘉峪关市党建引领激活村集体经济一池春水,2023-10-26,金秋十月，嘉峪关市各乡村瓜果满枝、清香四溢，田间地头、机器轰鸣，村民们忙着收割玉米，采摘蔬菜、水果……沉浸在丰收的喜悦中，一幅乡村振兴的美丽画卷跃然眼前。。今年以来，嘉峪关市深入推进抓党建促乡村振兴，以增强村级集体经济实力、增加农民收入为目标，多措并举发展壮大村级集体经济，持续提升村级集体经济发展水平。上半年，全市村级集体经济村均收入、村均经营性收入均位居全省第一。。嘉峪关市全面建强基层“头雁”方阵，梯次配备镇村干部，对工作成绩突出、群众认可度高的23名乡镇干部，提拔任用和晋升职级，着力锻造懂农业、爱农村、爱农民的乡村振兴“主力军”。。同时，扎实开展干部能力素质大提升三年行动，培训党员干部群众1.8万人次，开展果树栽培等专题培训40余场次。先后组织镇村干部80余人赴陕西省西安市、安康市等地，围绕乡村旅游、产业发展、“三联”机制建设情况等开展考察学习，拓宽发展思路。强化“练兵比武”，开展干部上台讲、知识测试、观摩评比等活动40余场次，推动形成“先进带后进”的良好氛围。。“通过外出考察学习，我们既能掌握最新的政策动向，又能学习先进地区的经验做法。培训后，我们要充分挖掘‘沉睡’资源，全力打造了‘研学游购娱’一体化发展的嘉峪关村游客接待中心，通过‘支部引领+村集体股份经济合作社主导+专业团队运营’的商务发展模式，不断提升村级集体经济发展水平。”外出考察学习，让峪泉镇嘉峪关村党总支书记/党支部书记李沛收获满满。。嘉峪关市派强用好驻村力量，向乡村振兴重点村、软弱涣散村持续选派第一书记和工作队员，通过落实捆绑责任制，推动驻村第一书记和工作队员发挥作用，引领乡村发展。建立市级人才顾问团，组建农业技术先锋服务队，培育新型职业农民、致富带头人等乡村振兴人才300余人。。“今年，我在两个园子里种了水蜜桃、早酥梨、李广杏、大枣和黄瓜、菠菜等新鲜果蔬，长势都很好，村干部和帮扶队员也一直帮忙销售，收益不错。在村集体的引领带动下，我们的生活越来越有奔头了。”文殊镇文殊村二组村民马建花乐呵呵地说。。立足各村资源禀赋，嘉峪关市对17个村全面“把脉会诊”，激励联村抱团发展，划分资产盘活型、资源开发型、为农服务型、项目带动型、多元合作型等5种村集体经济发展模式，精准分类指导打造“一镇一业”“一村一策”“一村一品”，切实找准村级集体经济发展路子，打造产业示范乡镇1个，产业样板村3个。。嘉峪关市压实工作“责任链”，扎实推进村级集体经济倍增计划。建立调度通报机制，镇村定期分析研究发展壮大村级集体经济工作，确保发展壮大村集体经济各项举措落到实处。制定《嘉峪关市村级集体经济发展创收奖励办法（试行）》，有效激发村“两委”班子发展壮大村集体经济的积极性与主动性。充分发挥精准帮扶和抓镇促村作用，全市110家机关事业单位、酒钢集团公司17家基层单位和45家民营企业结对117个村民小组，累计筹措资金993万元，谋划项目106个，代销农产品344吨。。“近年来，我们村坚持‘党支部+合作社+公司+农户’发展模式，不断拓宽土地规模流转经营、现代产业园区经营管理、特色青贮产业种植加工、固定资产盘活租赁、农产品对接销售5条村级集体经济发展道路，吸引村民就近创业就业，村集体家底更殷实，村民腰包更鼓，发展更有力。”新城镇新城村党总支书记/党支部书记闫霞霞说道。。嘉峪关市聚焦“2+6+N”产业链部署，因地制宜探索出了项目带动型、农产品对接销售带动型、资产资源盘活型等壮大村集体经济的模式。,政府领导到其他城市考察学习或访问,0.5274070201185415,False,否
甘肃省,我省引导民营经济社会组织助力乡村振兴,2024-01-05,助力巩固拓展脱贫攻坚成果和全面推进乡村振兴需要社会各界共同参与，社会力量帮扶是重要帮扶力量之一。近年来，我省广泛发动社会力量参与巩固拓展脱贫攻坚成果同乡村振兴有效衔接工作，积极引导民营经济、社会组织多方参与乡村振兴各项事业、产业发展、帮扶共建等活动，为乡村振兴增添了活力，我省田野乡间展现出村庄美、产业强、村民富、乡风好的新画卷。。航天香蕉、太空南瓜、阳光玫瑰葡萄等热带水果，在红古区的鑫源现代农业科技示范园长势喜人。这是全国“万企帮万村”精准扶贫行动先进民营企业——兰州鑫源现代农业科技开发有限公司在乡村振兴中显担当的成果。。该企业自2018年开展帮扶工作以来，助力东乡县、漳县发展特色富民产业，采取“龙头企业+乡镇+行政村+基地+农户”模式，通过实施肉羊养殖、食用菌产业等帮扶项目，累计支付土地流转费215万元，分红1210万元，带动8个乡镇27个村集体经济发展壮大，帮扶近1.5万户群众持续增收。。“2022年以来，公司通过现代化肉羊胚胎移植技术与自然繁育生产相结合繁育出高繁优质肉用种羊，提升了东乡贡羊肉羊品质。在漳县，投资9367万元，实施‘年产1000万袋菌棒生产线’建设项目，带动村民持续稳定增收。”兰州鑫源现代农业科技开发有限公司董事长尹建敏介绍，公司还在北京、上海、广州、深圳等一线城市建立特色餐饮连锁店、农产品体验店、销售服务网点，促进“甘味”区域公用品牌“东乡贡羊”产业市场化、餐饮化发展，反哺“东乡贡羊”肉羊产业发展壮大，加速助推“东乡贡羊”“伊淼”食用菌产业链形成，2023年消费帮扶已达600万元。。说起漳县新寺镇甜黄瓜产业，没有人不提起“土专家”高岷。这位大棚蔬菜种植大户，如今又有了一个新身份——高级职业农民。。上世纪90年代，高岷开始种植黄瓜、西红柿等蔬菜，靠着勤学创新，日子越过越红火。“一个人富不算富，带着大家一起富才是真正的富！”高岷是这么说的，也是这么做的。2010年他成立了兴农果蔬产销农民专业合作社，采用“合作社＋基地＋农户”的模式带动村民增收，合作社也被评为省级农民合作示范社等荣誉称号，桥头村也成了当地有名的“黄瓜村”。。2022年6月，借助东西部协作的发展机遇，高岷前往山东省寿光市考察学习，参加了帮扶企业组织的高素质农民培训。他利用学到的先进技术，向乡亲们解答农技难题，培养了一批懂技术、会经营、善管理的新型职业农民，带领群众改造建成日光大棚80座，带动群众150余人致富，户均年增收1万元以上。。谈起获得高级职业农民职称时，高岷自豪地说：“这是一种荣誉，证明了我的技术水平和专业能力，比给多少钱都让人高兴！”。近年来，我省围绕发展“一村一品”和“一乡一业”，根据帮扶镇、村的特色主导产业发展需求，建立不同类型的“田间课堂”，制定培训计划，选派中级职称技术人员长期深入基层、农户、田间，推广农业技术知识，让“传统农民”成为“职业农民”，实现“职业农民”领着“传统农民”干，积极为乡村振兴提供人才支撑。。“阿姨，您最近身体怎么样？生活上有什么需要帮忙的吗？”“小区正在开展‘服务换积分，积分兑礼品’活动，大家可以多参加志愿服务活动换取积分，用积分兑换生活用品。”。这是甘肃惠泽社会工作服务中心的志愿者在为兰州市城关区嘉峪关路街道居民服务。冬日里，他们的身影活跃在社区的各个角落，为社区居民带来温暖。。“这么多年了，志愿者换了一个又一个，但不变的是一如既往的热心服务。”兰州市城关区嘉峪关路街道排洪沟南路社区居民刘淑英说。,政府领导到其他城市考察学习或访问,0.0,False,否
甘肃省,人民网甘肃塑形铸魂共建和美乡村,2023-07-24,“我们将以此次现场推进会为契机，积极学习借鉴兄弟县区的好经验好做法，深入挖掘县域特色优势资源，大力发展苹果、奶羊、食用菌三大主导产业，凝聚‘建’的合力、构建‘美’的格局、拓展‘和’的内涵，打造田园、生态、康养、书香、法治、和美新合水……”在7月21日召开的甘肃省和美乡村建设现场推进会上，合水县委副书记张宏斌就会前实地观摩考察后的感受以及今后的发展思路作交流发言。。近年来，合水县高标准建设宜居宜业和美乡村成效显著，被确定为甘肃省级乡村建设示范县，先后被评为全国“四好农村路”示范县、全国绿化模范县和全国村庄清洁行动先进县。“发展的眼光不能只停留在当地，而是要多交流碰撞、互学互鉴，这样才能汇集智慧和力量，乡村建设才能真正‘和美’。”作为此次会议的代表，张宏斌和其他参会代表一起实地观摩考察临夏市、临夏县的和美乡村建设成效，深受启发。。临夏州坚持以工业化思维谋划农业，以养殖业牵引农业产业结构优化升级，以农产品精深加工和食品工业带动特色产业价值链提升，推动农村一二三产融合发展。如今，临夏州286公里的沿太子山旅游风情大通道已经建成，已扶持群众发展农家乐1545家、民宿40家，创建国家级乡村旅游重点村镇6个、省级样板村20个，更多群众吃上了“生态饭”。。为了塑造形魂俱美宜居环境，临夏州按照“农村基本具备现代生活条件”的目标，提高农村基础设施完备度、公共服务便利度、人居环境舒适度，既让农民过上现代文明生活，又留住乡风土韵和乡村特色。在以生态打底创新开展“庭院十改、村庄八治”的同时，临夏州坚持文化为魂，深入挖掘地质遗迹文化、黄河文化、史前文化、大禹文化、花儿文化、红色文化，全力保护农村文物古迹、传统村落、民族村寨。。此次现场推进会期间，与会代表在实地考察学习的同时，也进一步明确了今后的工作重点和方向。甘肃省委办公厅、甘肃省政府办公厅近日印发《甘肃省和美乡村创建行动实施方案》（以下简称《方案》），从总体要求、分区分类开展创建、创建程序和运作模式、保障措施四个方面提出了和美乡村创建行动的具体措施。。《方案》要求，各地要对照和美乡村创建标准组织开展创建行动，对发展类村庄、重要交通沿线和景区周围村庄进行重点创建，成熟一个、认定一个、授牌一个。省级每年择优认定100个左右，坚持一张蓝图绘到底、一年接着一年干。对认定授牌的和美乡村每个村安排200万元予以奖补，并实行动态监测。。《方案》明确，要坚持因地制宜、突出特色，立足不同地域、不同乡村特点，充分尊重群众意愿和实际需求，合理确定公共基础设施配置和基本公共服务标准，分区分类打造各具特色的乡村。和美乡村创建分河西走廊、中部沿黄、陇东陇中黄土高原、南部秦巴山区、甘南高原5大区域打造，突出集聚提升、特色保护、城郊融合3类村庄，聚焦村庄美、产业兴、百姓富、治理好、乡风和、集体强6个方面进行创建，根据地域差别和村庄类型，综合各部门和市州的意见建议，差异化提出30条具体创建标准。。与会代表纷纷表示，通过观摩考察和交流学习，将把和美乡村创建作为全面推进乡村振兴的重要任务，与乡村产业发展、乡村建设示范行动、基础设施改造提升等工作统筹开展，遵循乡村发展规律，尊重农民意愿和实际需要，务实抓好工作落实，在和美乡村建设工作中体现新担当、展现新作为。（记者高翔）,不属于政府领导到其他城市考察学习的新闻,0.66023933178074,False,否
甘肃省,同写两地山海情携手发展促振兴,2023-10-29,同写两地“山海情” 携手发展促振兴 ——天津平凉携手构建全领域多层次高标准东西部协作新格局。金秋十月，位于泾川县汭丰镇同中村的东西部扶贫协作蔬菜园区迎来了丰收季，村民们忙着采摘辣椒、西红柿、茄子等蔬菜；在灵台县中台镇杨村津甘共建食用菌全产业链项目现场，双孢菇长势喜人……美丽乡村焕发出勃勃生机。。天津、平凉虽相隔千里，却心手相牵。自2017年起，两地建立结对帮扶协作关系，从此结下“山水情缘”。天津市以“满足平凉需求，发挥天津优势”为焦点，真金白银投入、真情实意帮扶、真抓实干支援，先后对平凉投入援助资金12.97亿元，完成帮扶项目844个，为平凉全面推进乡村振兴注入了强劲动力。。自帮扶工作开展以来，天津、平凉两地党委政府坚持把东西部协作作为“一把手”工程，专题研究、高频互访，协商帮扶事宜，推动资源互补。。今年3月26日至29日，平凉市委主要负责人带领市党政代表团赴天津市河西区、武清区、津南区及南开大学考察学习、对接东西部协作工作，召开东西部协作联席会议，并举行合作项目签约仪式，共签订合作项目15个、总投资21.31亿元。。4月17日至20日，平凉市委主要负责人随甘肃省党政代表团赴天津、山东考察学习，平凉与天津签订合作项目11个、总投资金额15.38亿元。。7月10日至11日，天津市河西区委主要负责人带领党政代表团赴崆峒区、庄浪县考察调研东西部协作工作；。7月15日至18日，天津市武清区委主要负责人带领党政代表团赴泾川县、静宁县开展东西部协作对接交流工作；。8月2日至3日，天津市津南区政府主要负责人带领党政代表团赴灵台县对接东西部协作工作。。一次次互访、一次次对接、一项项签约，为两市推动东西部协作勾画了蓝图、指明了路径、注入了活力。。今年春节刚过，天津、平凉两地人社部门联合举办“春风行动”暨东西部劳务协作现场招聘会13场（次）、“网络云招聘”48场（次），提供就业岗位3万多个。。8月，平凉市人社局代表团赴天津市武清区开展劳务协作对接交流，签订劳务协作合作协议，进一步推动两地劳务协作工作走深走实。。近年来，平凉市着力打造“津甘技工”品牌，各县（市、区）分别出台就业奖补一揽子政策，强化技能培训，搭建服务平台，促进农村劳动力稳岗增收。。两地探索建立“龙头企业+合作社+基地+农户”利益联结机制，引导入园企业通过订单生产、产品代销、土地流转等多种方式，将农户融入产业链。在园区建设、运营过程中优先使用脱贫劳动力，拓宽多项收入渠道，共吸纳农村劳动力2941人，带动农户3.8万人，户均增收2000元以上。。借消费帮扶的东风，天津与平凉分别制定消费帮扶相关优惠政策，帮助平凉红牛、静宁苹果等农特产品订单式生产、品牌化营销；协作区创新消费帮扶协作模式，利用“以购代捐”“以买代帮”等，完成东西部消费帮扶16.66亿元，让山沟里的“金果果”“小杂粮”等农特产品走出乡村，走向全国。。“产业园占地35.74亩，依托庄浪县东西部协作资金1897.55万元及社会资本投资建设，总投资1.05亿元。今年3月开工建设，分两期实施，一期建成了培育中心、育种工厂、烘干晾晒车间，计划10月底投入使用。”岳堡镇党委书记赵翔介绍，今年岳堡镇种植丹参902亩，由天津公司的科研人员指导种植，预计可产360多万斤。。秋季丹参收获后，由产业园负责统一收购、晾晒、加工、销售，进一步延长了全县中医中药产业链条，成为助推乡村振兴的新动能。。今年以来，平凉市大力开展招商引资工作，引进落地天津金谷鑫农种业等企业26家，为乡村振兴带来“致富活水”。,政府领导到其他城市考察学习或访问,0.9292651925707408,False,否
甘肃省,中国人民政治协商会议甘肃省第十三届委员会常务委员会关于十三届一次会议以来提案工作情况的报告,2024-02-13,中国人民政治协商会议甘肃省第十三届委员会常务委员会关于十三届一次会议以来提案工作情况的报告_甘肃要闻_甘肃省人民政府门户。我受政协甘肃省第十三届委员会常务委员会的委托，向大会报告省政协十三届一次会议以来的提案工作情况，请予审议。。2023年是十三届省政协继往开来、砥砺奋进的开局之年，也是省政协提案工作创新发展的一年。一年来，广大政协委员、政协各参加单位和省政协各专门委员会，以习近平新时代中国特色社会主义思想和中共二十大精神为指导，认真贯彻落实中共中央、国务院、全国政协和中共甘肃省委新部署新要求，围绕省委省政府中心工作和人民群众普遍关心的问题，运用提案建言资政、凝聚共识，共提交大会提案862件，平时提案45件。经审查，立案707件。其中，委员个人或个人联名提案562件，集体提案145件，交由74家单位办理。这些提案内容丰富，针对性强，许多意见建议得到省委省政府及相关部门的重视和采纳，提案在服务科学民主决策、促进贯彻实施，推动甘肃经济社会发展中的作用日益增强。。——围绕促进经济增长，助力高质量发展，提出提案365件。关于深入落实“双碳”战略，实现工业绿色崛起的提案，省政府高度重视，研究制定《全省高端化智能化绿色化改造推进传统产业转型升级实施方案（2023—2025年）》，组织召开“三化”改造现场推进会，实施“三化”改造项目300项，总投资898亿元，新认定智能工厂3户、数字化车间29个。关于利用数字技术加快我省工业经济转型升级的提案，省政府在编制《推动数字经济发展2023年工作要点》时充分采纳，有效推动了数字经济和实体经济的深度融合。关于促进我省科技成果转化，助力“强科技”行动的提案，省政府予以研究吸收，围绕石化、冶金、装备制造及数字经济等领域，突破“卡脖子”技术11项，研发实现国产替代产品19项；建成科技成果转化综合服务中心，运行半年来完成科技成果转化209项。关于大力实施“强县域”行动，促进县域经济高质量发展的提案，省发展改革委在编制2023年县域经济三个重点任务清单时予以采纳。关于建立招商引资民主监督评估机制的提案，得到省委省政府的肯定和支持，省政协主席会议成员带队开展营商环境民主监督，助力全省招商引资落实落地。。——围绕生态保护治理，建设美丽甘肃，提出提案77件。关于加强八步沙区域生态修复后期抚育管护的提案，推动古浪县进入全国防沙治沙综合示范区范围，投入资金3.73亿元，有力推动了八步沙区域林业生态的保护和治理。关于遏制库姆塔格沙漠东移的提案，省市县三级林草部门高度重视，积极布局在疏勒河中下游建设防沙治沙综合林草项目，为保护敦煌绿洲、筑牢生态屏障发挥了积极作用。关于增强水资源消耗总量和强度双控能力、加快实现“双碳”目标等提案，为我省有效保障水安全、高效利用水资源，加快发展方式绿色转型提供了新思路、新办法。。——围绕持续改善民生，增进人民福祉，提出提案150件。关于推动教育“双减”政策落地生根的提案，得到教育部门的采纳，全年累计投入31亿元实施“能力提升”项目，1814所义务教育学校的办学基础得到明显提升，受益学生达112万人。关于将村干部纳入工伤保险保障范围的提案，省政府正在制定相关办法，办法实施后将有8万余名村干部受益。关于提升基层医疗卫生机构服务能力、加快社区养老服务中心建设、加强乡镇消防应急救援力量、建设西部体育强省等提案，聚焦民生关切，针对主要问题，提出改进意见，被吸纳到相关政策措施中，推动了人民群众最直接、最关心、最现实利益问题的有效解决。,其他,0.9908235168006716,False,否
甘肃省,甘肃考察团赴江苏考察学习乡村建设工作,2023-07-15,考察团先后来到南京市江宁区观音殿村、乡伴苏家理想村、徐家院村、龙乡双范村和黄龙岘村，深入学习人居环境整治、民俗文化传承、乡村旅游发展等乡村建设经验和做法。。李刚强调，考察团各成员要认真学习借鉴江苏省乡村建设经验做法，深入践行以人民为中心的发展思想，在主题教育中以学促干、真抓实干，解决好我省乡村建设中的实际问题。要进一步提升基础设施完备度、公共服务便利度、人居环境舒适度，不断提升农民群众生活品质。要坚持规划引领、系统谋划，加快推进全省和美乡村建设。要注重挖掘乡村历史传统和文化内涵，立足地域特色，延续文化文脉，讲好本土故事，发展乡村旅游。要挖掘乡村多元价值，用好良好环境，发展富民产业，形成美丽经济，让田园变公园、农房变客房，实现和美乡村建设与农民增收互联互动，增强农业农村现代化发展新动力。,其他,0.8090104722462997,False,否
甘肃省,甘肃考察团赴浙江省考察学习千万工程建设经验,2023-07-14,7月11日至13日，甘肃省考察团赴浙江省考察学习“千万工程”建设经验。副省长李刚带队考察。。考察团最先来到阿里巴巴集团西溪园区，详细了解阿里巴巴数字技术助力农业生产数字化转型、盒马鲜生运营等情况。随后来到杭州市余杭区山沟沟村、径山村、小古村和萧山区横一村、昇光村、佛山村考察学习基础设施建设、乡村治理、特色产业培育等“千万工程”建设经验。。李刚指出，此次考察学习是我省深入开展学习贯彻习近平新时代中国特色社会主义思想主题教育的重要内容之一。考察团各成员要认真学习先进企业的管理经验，探索和互联网企业合作，运用云计算技术做好农业生产管理，让甘肃特色农产品通过电商平台走向全国消费者的餐桌；要在差异化、标准化、品牌化、产业化下功夫，做好甘肃特色产品推广，用好甘味品牌在杭州落地的展示窗口，助力甘味品牌走进浙江；要全面学习浙江先进理念，看到差距、找准方向、提振信心、积极作为，点面结合抓好和美乡村建设，持之以恒推进“千万工程”甘肃实践。。考察期间，召开了浙江企业家助力甘肃“三农”工作恳谈会和考察学习浙江“千万工程”经验交流会。（记者杜雪琴）,政府领导到其他城市考察学习或访问,0.5093689843763302,True,是
甘肃省,省政协把独特优势和资源渠道转化为招商引资的动能和增量,2023-05-01,省政协把独特优势和资源渠道转化为招商引资的动能和增量_甘肃要闻_甘肃省人民政府门户。为招商引资聚智聚力 为高质量发展蓄势赋能——省政协把独特优势和资源渠道转化为招商引资的动能和增量。今年以来，省委、省政府深入实施“引大引强引头部”行动和“优化营商环境攻坚突破年”行动，举全省之力扩大招商引资为经济发展赋能。。省政协紧扣职能定位，聚焦主责主业，充分发挥好桥梁纽带作用，把助力招商引资、促进民营经济发展作为服务中心大局的重要抓手，作为推动“三抓三促”行动的重要举措，建立工作任务清单式管理、领导牵头抓落实、督查督办和跟踪问效工作机制，以条目式呈现、项目式推进、清单化管理推动落实，用心用力做好助力招商引资、优化营商环境、促进民营企业发展等方面的工作，为助力全省经济社会高质量发展贡献政协智慧和力量。。省政协主动“走出去”，加大交流力度，讲好“甘肃故事”，扩大甘肃“朋友圈”，汇聚起各方共同推动发展的强大力量。。3月29日下午，香港会展中心N201会议厅，甘肃—香港投资合作推介会在这里隆重举行。。12名省政协住香港委员受聘成为“甘肃省招商大使”，常态化宣传我省招商引资政策、推介招商引资项目，不断扩大甘肃在港澳地区的“朋友圈”和影响力。。省政协把面向港澳地区招商引资作为重点，充分调动和发挥省政协住港澳委员积极作用。3月底，省政协组团到港澳地区推介项目，先后走访了香港华融国际、中能建香港公司、中国银行澳门分行等30余家企业、商会、金融机构，推介对接招商引资项目。。每一项考察中，每一场座谈会上，省政协代表团成员全力推介我省的资源优势、与港澳产业发展的契合点、双方合作的光明前景，诚挚邀请特区政府、港澳企业来甘考察交流、洽谈合作、投资兴业。。通过省政协牵线搭桥，省政协住香港委员庞超贻拟投资2.5亿元，在嘉峪关建设6000吨氧化铁红提纯及铁氧体磁性材料生产项目；省政协住香港委员潘国瑞拟投资建设甘肃“一带一路”跨国技术与数据交易所；俊驰体育有限公司执行董事何苏娥希望能在酒泉、陇南投资体育旅游项目；和智投资董事、总经理龚旭辉表达了投资甘肃中医药产业的意向；欧姆龙（中国）有限公司计划在张掖市投资智慧农业项目。。省政协着眼优化营商环境，组织考察学习组，先后赴湖北、广东、黑龙江、吉林四省学习考察，提出开展营商环境民主监督的意见，助力省委关于加大招商引资力度和优化营商环境的部署要求落地见效。省政协发出倡议书，号召全省各级政协组织和政协委员积极行动起来，以招商引资大突破助推发展动能大提升，以营商环境大改善助力发展质效大跃升，合力推动民营经济高质量发展，为全面建设社会主义现代化幸福美好新甘肃贡献政协力量。。省政协主席会议成员深入省内多个市州调研，每到一处都要走访民营企业，来到生产一线了解企业生产、市场销售、科技研发等情况，面对面宣讲党和政府的惠企政策，心贴心听取企业困难诉求，并勉励企业学好用好中央和省委省政府关于加快经济发展的相关政策措施，加快高质量发展步伐。。2月21日，十三届省政协举行第一次协商座谈会，会议主题聚焦民营经济发展与招商引资工作。与会企业家直言不讳说问题、敞开心扉谈建议、畅所欲言提诉求。座谈会后，省政协从制定和完善招商引资政策、发挥商会联商和以商引商作用、优化营商环境、促进民营经济发展等方面，向省委省政府报送了20条专项建议。。不久后，省政协又召开“更好发挥科技人才作用，加快推进甘肃高质量发展”专题协商座谈会，充分听取专家、政协委员及省直有关部门对甘肃高质量发展的意见建议，向省委省政府报送了25条对策建议。,政府领导到其他城市考察学习或访问,0.7783945978870439,False,否
甘肃省,甘肃省党政代表团赴天津学习考察侧记,2023-04-19,百合、花椒、蜂蜜、苹果、牦牛肉……一件件优质的甘肃特产从这里走进天津市民的生活，甘肃味道越来越被当地人喜爱，成为“津”味中的独特元素，逐渐融为一体。。4月17日下午，这里迎来了甘肃省党政代表团，带来了家乡的问候与支持，增添了这里当好津甘消费帮扶“纽带”的信心和动力。。自1996年党中央决定天津帮扶甘肃以来，天津市以强烈的政治担当和“宁可自己苦一点、也要帮扶多一点”的深情厚谊倾力支持甘肃，“津甘山海情”感人至深。。满怀感恩之心、感激之情、感谢之意，甘肃党政代表团再次来到天津，共叙友情、共话合作、共谋发展。。这既是一次表达感激、学习取经、对接协作之行，更是深入开展学习贯彻习近平新时代中国特色社会主义思想主题教育的具体行动。。一个深处黄土高原，一个位于渤海之滨，跨越1000多公里的两地，因东西部协作结下不解之缘。。我们不会忘记——在甘肃脱贫攻坚的关键时期，天津投入财政援助资金42.17亿元，实施协作项目2000余个，助力甘肃全面脱贫，撕掉了“苦瘠甲天下”的历史标签。。我们不会忘记——1996年以来，天津向甘肃投入的财政援助资金累计达79.4亿元。天津在我省实施协作项目4047个，天津食品集团、天士力集团等一大批企业在甘投资达36.2亿元。。我们不会忘记——天津在劳务输转、消费帮扶、教育培训、医疗卫生、人才交流等方面都对我省给予很大帮助，援建703个乡村工厂，为当地群众创造了近5.7万个家门口就业岗位。开展多种渠道的消费帮扶，去年采购甘肃农特产品39.11亿元。。我们不会忘记——开展协作帮扶以来，450多名挂职干部、5300多名专业技术人才千里奔赴、支援甘肃。。“甘南州是天津东西部协作和对口支援帮扶甘肃省的重点市州之一。近年来，天津市及社会各界立足甘南所需，倾天津所能，从项目建设、产业帮扶、教育卫生、人才援助等方面进行全方位支援，为甘南打赢脱贫攻坚战、实现全面小康、推进乡村振兴提供了无私奉献和大爱援助，我们始终铭记在心，一定在新时代新征程上实干苦干、砥砺奋进，全力推动合作事项落地见效，决不辜负天津各级各方面的深情厚谊。”甘南州委书记何谋保说。。天津对于甘肃的帮扶是真情实意、真金白银，覆盖7个市州、34个县区市。受援地区对此有着更加真切的感受。。“庆阳与天津是东西部协作和革命老区重点城市对口合作城市，是'亲上加亲’的关系。”庆阳市委书记黄泽元说，近年来天津对庆阳的直接财政投入达14.7个亿，帮扶实施各类项目786项，派出干部和各类技术人员2600多人，输转贫困劳动力4000多人，消费扶贫超10亿元。“我们要把感激之情化为实干动力，在拓展和深化上持续加力，建立常态化长效化合作机制，‍‍加快建设津庆产业园，促进两地在各领域的协作，推动庆阳全域加快发展。”黄泽元说。。天水市委副书记、市长王国先说，天津用真情、拿真金、下真功支持天水发展，两地形成了市、县区、街镇、社区、企业“五位一体”的对接全覆盖，实现东西部协作帮扶工作的制度化、常态化和精准化，为天水提供了全方位、宽领域、多层次帮扶。。代表团在津学习考察期间，谈的最多的是对天津的感激，体会最深的是亲如一家的情谊，情感在交流中持续升腾，合作在共商中不断深化。。在甘肃加快传统产业转型升级、培育壮大战略性新兴产业过程中，推进产业数字化、数字产业化尤为重要。。在天津卓朗科技发展有限公司和中电科蓝天科技公司，代表团实地察看了云计算、工业互联网、先进电能源技术体系和产品等。。对于深化东西部协作，王旭表示，下一步要加大产业协作力度，创新人才协作模式，深化社会协作领域，推动天津与平凉产业互补、人员互动、技术互学、思想互通、作风互鉴，推动区域经济协同发展。,其他,0.6500713291614629,True,是
甘肃省,甘肃省党政代表团赴山东学习考察侧记,2023-04-21,长期以来，山东倾情帮扶、倾心协作、倾力支持，助力我省打赢脱贫攻坚战、巩固拓展脱贫攻坚成果、全面推进乡村振兴，用实际行动书写了“鲁”力同“甘”，演绎了山海情深。。此次学习考察是对山东帮扶深情厚谊的“登门答谢”之行，是深入开展学习贯彻习近平新时代中国特色社会主义思想主题教育的“注重实践”之行，是认真落实习近平总书记关于推动区域协调发展和东西部协作重要指示要求的“促进发展”之行。。成如容易却艰辛。甘肃的发展浸透着山东省的大力支持和无私帮助，饱含着齐鲁人民对陇原人民的深情厚爱。。全方位、多层次、立体式的支持帮扶，甘鲁协作取得显著成效。我们永远铭记，山东支持甘肃——。不讲条件。在财政压力不断加大的情况下，对甘肃的财政援助资金只增不减，2016年以来投入我省财政援助资金64亿元。。不遗余力。帮助我省建设了32个产业园区、引导175家企业落户甘肃，在促进贫困劳动力就业、开展消费帮扶、支持疫情防控等方面做了大量卓有成效的工作。。不辞劳苦。131名干部远离家乡到甘肃扶贫一线挥洒激情、智慧和汗水，1748名专业技术人员深入受援地传经送宝，为甘肃带来了先进理念、先进技术、先进经验。。“2016年以来，青岛按陇南所需、尽青岛所能，助力陇南如期打赢脱贫攻坚战、接续推进乡村振兴。陇南人民铭记于心、感恩于怀。”陇南市委书记张柯兵说，我们将进一步深化协作交流，用心用情办好“鲁企走进甘肃·陇南投资洽谈会”等活动，推动两地在农特产品精深加工、文旅康养产业发展、中药材和矿产等资源开发利用方面深度合作，在“陇货入青”“青货入陇”、劳务协作、社会帮扶等方面持续发力，推动青陇协作之路越走越实、越走越宽、越走越深。。在协作的基础上，需要进一步主动作为，将感激之情化为不竭的内生动力，在更深层次、更宽领域开展合作，推动协作再上新台阶。。“2021年青岛结对帮扶定西以来，两市聚焦巩固拓展脱贫攻坚成果、接续推进乡村振兴、促进共同富裕，频繁互动对接，扎实推进协作，累计投入财政帮扶资金近14亿元，在产业、就业、消费、人才、资金帮扶等方面取得了显著成效，以实际行动诠释了青岛定西情同手足的深厚感情。”定西市委书记汪尚学说，我们将以此次学习考察为契机，进一步完善工作机制，拓展协作领域，不断提升协作质效，把青岛帮扶转化为加快发展的内生动力，牢牢守住不发生规模性返贫的底线，接续推进乡村振兴，决不辜负山东和青岛各级各方面的深情厚谊。。此次考察，企业占了绝大多数。海尔、海信、比亚迪、力诺……每一个都是响当当的知名企业，且其中不乏世界500强、中国500强。。脱贫攻坚任务完成后，甘肃已全面进入高质量发展阶段。面对市场主体存量不够、经济发展内力不足的实际，何以推进高质量发展？。每到一处，大家聚焦行业前沿，聚焦新业务、新模式，深入交流合作事宜，全方位体悟山东发展带来的震撼和惊艳，解读发展背后的逻辑与密码。。大家都有这样的共识：必须加力招商引资，强化科技赋能，加快推进产业数字化和数字产业化，促进转型升级。。此次考察中，张掖市与相关企业签约了新能源、新材料、农产品精深加工等合作项目。张掖市委书记卢小亨表示，龙头企业对产业发展的引领带动不仅体现在自身发展壮大上，更体现在对关联产业的聚合和提升上，要深入开展“引大引强引头部”行动，围绕主导产业延链补链强链，大力招引匹配张掖产业发展需求、带动力强、成长性好的项目，为经济发展注入强劲动能。。推进高质量发展，既要加大投资拉动，更要加强创新驱动，二者协同发力，必将产生强大的推动力。。走进海尔卡奥斯生态体验中心、海信新研发中心、浪潮集团有限公司，一个个创新产品、一个个应用场景让大家连连惊叹。,政府领导到其他城市考察学习或访问,0.0,True,是
甘肃省,甘肃省大景区改革建设工作成效显著,2022-10-08,全力推进大景区改革建设 打造“如意甘肃”文化旅游新高地 甘肃省大景区改革建设工作成效显著。2014年，为实现以大景区建设为载体，强化旅游与文化等产业融合，推动旅游资源由多头管理、粗放开发向统筹整合、集约开发转变，省委、省政府出台了《关于促进旅游业改革发展的意见》，提出要立足全省厚重丰富的文化旅游资源，以规划建设20个大景区为重点，积极推进景区管理体制改革，以“统一规划、统一开发、科学管理”为目标，在全省范围内启动实施了大景区管理体制改革工作。经过8年的强力推进，一批核心竞争力强、品牌效应突出、带动作用明显的大景区相继完成改革建设任务，为打造“如意甘肃”文化旅游新高地作出了积极贡献。。甘肃历史悠久，地处农耕文化与游牧文化、中原文化与西域文化的交汇地，是中华民族和华夏文明的重要发祥地，也是中国旅游标志铜奔马的故乡。特殊的自然环境，厚重的历史文化，特有的民族民俗，构筑了甘肃丰富多彩、类型多样、独具特色的文化旅游资源。按照联合国《世界遗产公约》和国家《旅游资源分类、调查与评价》标准，甘肃旅游资源富集度位居全国前列。2014年以来，以大景区为代表的景区管理体制机制改革在陇原大地全面展开，如火如荼，成效斐然，甘肃旅游业发展迎来了突破创新、转型升级的嬗变之旅。。旅游景区是旅游业发展的核心因素，是旅游业赖以存在的载体，是旅游消费的关键环节，更是衡量一个地区旅游业综合影响力和竞争力的重要指标。针对全省景区旅游资源多头管理、条块分割、管理体制不顺等问题，2014年，在考察学习借鉴外省大景区建设管理经验的基础上，省委、省政府作出建设大景区、实施大景区管理体制改革的重大决策，写入了省委、省政府《促进旅游业改革发展的意见》，出台了《甘肃丝绸之路经济带建设大景区总体规划纲要》。在全省范围内选择旅游资源特色独具、优势鲜明、基础较好的景区，统筹规划建设，分步建成20个年接待游客300万人次以上的大景区，在各市（州）布局建成30个精品景区，在县（市、区）布局建成50个特色景区，形成“235”旅游景区体系。省委、省政府将大景区管理体制改革工作列入了全省《全面深化改革领导小组工作台账》和《全面深化改革举措落实方案》。2016年，省政府常务会议审议通过了大景区管理体制改革方案，下发了《关于18个大景区管理体制改革方案的批复》。省编委分别印发了《关于成立18个大景区管理委员会的通知》，明确了大景区管委会的工作职能、机构设置和人员编制。在省委、省政府的科学决策和强势推动下，拉开了全省大景区改革建设的序幕，掀起了全省旅游业加快发展的新高潮。截至2020年底，18个大景区均按照省编办《关于成立大景区管理委员会的通知》要求，批复设立了正县级事业单位的大景区管理委员会，成立了大景区旅游开发公司，形成了“大景区管委会+旅游开发公司”的管理运营模式，全面完成大景区改革建设任务。随着大景区改革建设的深入推进，充分调动和发挥了各级政府保护利用旅游资源的积极性和创新性，为大景区搭建融资平台、开展市场化运营奠定了坚实基础。。“十四五”期间，我省将持续推动大景区提质增效、高质量发展，充分释放“大景区管委会+旅游开发公司”管理运营活力，优化大景区旅游产品结构，提高供给能力和供给水平，力争创建一批富有文化底蕴的世界级旅游景区和世界级旅游度假区，打造特色鲜明、设施完善、服务优良的世界级旅游目的地、中国户外体验大本营和西部自驾旅游黄金线，不断提升“交响丝路·如意甘肃”品牌的国际知名度和影响力，形成点上有精彩、线上有风景、片上有产品、面上有产业的文化旅游强省生动局面。,其他,0.7127563013507422,False,否
甘肃省,定西市驻兰州劳务工作站揭牌成立,2023-01-09,为了更好地解决定西市富余劳动力就业问题，发挥兰州市“一小时核心经济圈”的区位优势，促进劳动力资源在省城兰州合理流动，增加定西群众收入，1月6日下午，定西市驻兰州劳务工作站挂牌仪式在兰州举行。这标志着兰州市、定西市劳务协作步入了深化交流合作的“快车道”。。近年来，定西市把劳务输转作为促进群众增收和实现巩固拓展脱贫攻坚成果同乡村振兴有效衔接的重要抓手，努力克服新冠疫情等不利因素影响，千方百计促进城乡劳动力转移就业，全市年均输转城乡富余劳动力62万人以上。在此过程中，定西市驻兰州办事处发挥桥梁纽带作用，建立了“市级统筹协调、县区组织实施、企业与劳务中介机构精准对接”的三级联动工作机制，组织引导有意愿外出人员赴兰州市就近务工就业。。挂牌仪式上，兰州市劳务办同定西市劳务办签订《兰州·定西劳务合作框架协议》，定西市各县区劳务办主任、兰州市用工企业代表、定西市人力资源机构代表参加了劳务输转供需对接洽谈活动。自此，兰州市、定西市将在劳动力组织输转、交流对接、专场招聘活动、考察学习等方面建立长效对接机制，开展长期务实合作。（记者王煜宇 于晓明）,其他,0.9432537859578148,False,否
甘肃省,陇南市生态环境保护工作综述,2022-10-22,9月4日至9月8日，陇南市习近平生态文明思想与绿色发展专题培训班在浙江大学举办。图为学员参观浙江安吉余村合影。。陇南市举行“绿水青山就是金山银山”实践创新基地创建启动会暨城乡环境卫生整治行动现场推进会。。一个青山常在，绿水长流，空气常新的美丽陇南，见证了陇南环保人践行“绿水青山就是金山银山”理念的生动实践，映照出陇南环保人追求人与自然和谐共生的坚定决心。。良好生态环境是最公平的公共产品，是最普惠的民生福祉。党的十八大以来，陇南始终把生态文明建设作为重大政治任务和底线任务来推动实施，牢固树立“绿水青山就是金山银山”理念，坚持走生态优先、绿色发展之路。。如今的陇南，一幅山川秀美的生态画卷正在徐徐展开，长江上游生态安全屏障更加牢固，人民群众对生态环境的满意度也极大提高。。陇南地处秦巴山地与岷山山脉交汇地带，是长江中上游重要的生态安全屏障，素有“陇上江南”之美称，是全省植被最好的地区。。响应中央号召，顺应时代要求，回应群众期盼。十年来，陇南把生态文明的发展放到全国全省的大格局中去考量，将生态文明建设融入经济建设、政治建设、文化建设、社会建设的各方面和全过程，在发展中保护、在保护中发展，让生态陇南的绿色底色更加浓郁。。十年来，在陇南，绿色发展成为广泛共识。陇南加强生态修复治理，坚决打好蓝天、碧水、净土保卫战，严格落实河湖长制、林长制，统筹推进“两江一水”综合治理，蓝天、碧水、净土三大保卫战阶段性成效显著。。金秋十月，白龙江两岸树木依旧吐露着浓郁的绿色。这条陇南的母亲河，浩荡江水宛如一条“玉龙”，自西向东奔流而去。陇南坚持以水而定、量水而行、因地制宜、分类施策的原则，谋划了白龙江上下游、干支流、左右岸的统筹发展，把河道治理及开发利用放在首位。。近年来，陇南坚决打赢打好污染防治攻坚战。在碧水保卫战中，严格落实工作任务清单销号和定期预警通报制度，加强水污染防治重点任务调度，全面按时完成生态环境部督办的27个涉及交通穿越、农业面源污染、生活面源污染等水源地问题的整改及集中式饮用水水源地保护区环境保护专项整治工作。组织开展境内重点流域综合治理，《白龙江流域水污染防治方案》《康县燕子河流域水污染防治方案》已通过生态环境部审核，进入中央投资项目库逐步实施。规范入河排污口管理，全面排查入河排污口并形成工作台账。此外，陇南强化水污染源头防控，严格项目准入，对不符合国家产业政策和环境准入要求的项目，一律不予审批。全市地表水总体水质为优，地下水水质总体稳定。。生活在大美陇南，让人最自豪的莫过于优良的空气质量。陇南环境空气质量长期在甘肃排行榜上名列前茅。。陇南通过重点治理工业、燃煤、机动车和扬尘“四类污染源”，强化燃煤锅炉监管、生活面源污染防治、工业企业达标排放、施工场地及道路扬尘管控、机动车监管等重点工作任务的落实，充分发挥空气自动微测网点作用，不断提升大气污染防治精准化管理水平。。从编制规划、出台意见，再到争取资金、项目建设，陇南一年一个“脚印”，土壤污染治理工作循序渐进。。陇南全面开展了全市重点行业企业用地土壤污染状况的场地调查和市级质控，建立了全市重金属土壤污染负面清单，涉镉等重金属污染排查整治工作顺利完成。严厉整治非法处置危险废物的违法行为，完成耕地土壤环境质量类别划定工作。针对农村环境整治和黑臭水体治理工作，排摸出70个农村环境整治和3个农村黑臭水体治理项目建设任务。截至目前，农村环境整治项目已完成42个，3条农村黑臭水体治理项目也均已建设完成，构筑了纯净的生产生活空间。。十年来，陇南不断深化、细化绿色发展的路径和制度，一系列高屋建瓴的顶层设计，如水银泻地般助推生态文明建设快速推进。,政府领导到其他城市考察学习或访问,0.0,False,否
甘肃省,我省迅速部署开展学雷锋志愿服务主题实践活动,2023-02-28,“把雷锋精神代代传承下去——纪念毛泽东等老一辈革命家为雷锋同志题词六十周年”座谈会2月23日在京召开后，我省迅速召开专题会议，全面学习领会习近平总书记对深入开展学雷锋活动的重要指示精神和座谈会精神，并对2023年全省志愿服务工作进行再安排再部署。。根据安排，省委宣传部、省文明办等27部门将于3月5日在兰州市东方红广场，举办2023年度全省“践行二十大·志愿我先行”学雷锋志愿服务主题实践活动启动仪式，并安排14个市州和兰州新区同步举行启动仪式；联合省教育厅、省文联于2月底组织举办“践行二十大·志愿我先行”学雷锋文艺志愿服务会宁县线下“圆梦工程”专题培训班；举办甘肃省志愿服务联合会常务理事、市州文明办分管领导考察学习培训班，跟进学习宣传贯彻落实习近平总书记关于志愿服务工作的重要批示指示精神，开展志愿服务工作调研。。同时，在全省常态化开展志愿服务活动，广泛开展“党的声音进万家”文明实践、党的二十大精神宣讲、文明风尚传播等系列志愿服务活动，把雷锋精神代代传承下去，引导激励党员、干部、群众为全面建设社会主义现代化国家、全面推进中华民族伟大复兴贡献更多智慧和力量。（记者崔亚明）,不属于政府领导到其他城市考察学习的新闻,0.6592328251187674,False,否
甘肃省,人民网如意甘肃携手好客山东合力谱写鲁甘山海情,2023-02-20,人民网：“如意甘肃”携手“好客山东” 合力谱写“鲁甘山海情”_媒体看甘肃_甘肃省人民政府门户。2月14日，由甘肃省各市州和兰州新区文旅部门、文旅企业、非遗传承人代表等组成的甘肃文旅推介团深入山东济南、青岛开展“双向游”系列活动，搭建鲁甘两省文化交流互鉴和旅游客源互送的桥梁纽带。。甘肃省文化和旅游厅有关负责人表示，甘肃省文化和旅游厅把春节后跨省宣传推介的第一站与落实东西部协作紧密结合，与山东省文化和旅游厅一道，通过策划开展“好客山东·如意甘肃”双向游系列活动，采取组团“走出去、请进来”的方式加大文旅宣传推广力度，用力擦亮“交响丝路·如意甘肃”金字招牌，“山东人陇上游”牵手“甘肃人齐鲁游”，持续扩大两省文旅“朋友圈”。。“狮跃龙腾歌盛世 乡村社火闹新春”陇南市2023春节社火展演。（甘肃省文旅厅供图）。据介绍，“好客山东·如意甘肃”双向游系列活动主要包括甘肃文旅推介会、鲁甘文旅协作和“引客入甘”合作签约、如意甘肃旅游优惠政策发布、陇原文艺展演展示、鲁甘文旅企业对接洽谈、甘肃文旅产品市集和非遗技艺以及文旅项目考察学习等内容，通过丰富多彩、富有成效的宣传推广和各类主题交流活动，联合打造黄河上下游“好客山东、如意甘肃”文旅协作品牌，合力谱写“鲁甘山海情”文旅协作新篇章。（记者黄帆）,不属于政府领导到其他城市考察学习的新闻,0.7233784481997274,False,否
甘肃省,我省赴苏浙粤招商收获颇丰,2021-06-04,记者从省商务厅获悉，5月24日至29日，我省赴江苏、浙江、广东开展招商考察活动，招商工作收获颇丰。。此次招商考察活动，我省在南京市、杭州市分别举行“招商引资项目现场签约仪式”，在深圳市举办“甘肃数据信息智能制造招商推介会”和“甘南州牦牛乳产业招商推介会”，共促成95个合同项目签约，投资总额415.64亿元，涉及文化旅游、商贸物流、清洁能源、精细化工、装备制造、数字信息、生物医药、现代农业等领域。并在江苏省苏商发展促进会设立“甘肃省招商引资合作基地”，在江苏省甘肃商会、浙江省甘肃商会、深圳市甘肃商会分别设立3个“甘肃省招商引资联络中心”。。我省招商考察团聚焦甘肃重大机遇、重点产业、重要优惠政策，加强宣传推介，先后赴苏宁控股集团、海康威视、海亮集团、华润集团、广东省广物控股集团等企业实地考察学习，宣传我省招商政策。华润、苏宁、海康威视、海亮、颐高等企业表示将加大对甘肃投资力度。。今年1至4月，我省招商引资到位资金603.5亿元，同比增长43.8%。下一步，我省商务部门将以此次招商考察为契机，推动签约项目落地，谋划办好第27届兰洽会、第4届药博会招商大会，组织重点招商活动，落实招商政策措施，推进各项政策措施落地兑现，用情用力服务投资项目和企业发展。(记者杜雪琴),政府领导到其他城市考察学习或访问,0.0,False,否
甘肃省,省商务厅以党史学习教育促招商引资见实效,2021-07-26,在党史学习教育中，省商务厅党组牢牢把握“学史明理、学史增信、学史崇德、学史力行”总体要求，加强组织领导，突出重点，学干深度融合，把党史学习教育成效体现在推动工作落实上，促进全省商务高质量发展。。我省商务部门立足工作实际，当好“店小二”，以服务企业为重点，以搭建平台为手段，大力提升服务意识和服务能力，积极主动为全省各市州和企业办实事，推动全省招商引资工作见实效。。围绕优势资源抓招商，紧盯重点产业引项目，今年5月，省商务厅组织我省招商引资代表团赴南京、杭州、深圳、广州四地开展招商考察，与20多家世界500强企业、600余家长三角珠三角知名企业参会交流对接。其中，在南京、杭州分别召开的“甘肃特色优势产业招商推介会”，共促成95个合同项目签约，投资总额415.64亿元。。“我们先后赴苏宁控股集团、海康威视、海亮集团、华润集团、广东省广物控股集团实地考察学习，推介我省特色优势产业和招商政策，增强企业家投资甘肃的信心。”省商务厅有关负责人表示，通过采取“线上招商”与“线下对接”结合等多种模式，有重点、有针对性地开展精准招商。。引进来，还得服务好，落到位。省商务厅完善招商引资工作推动落实机制，在招商引资重大项目包抓、成效评价、会展服务、代办服务、投资奖励、统计督查、投诉受理和涉企遗留问题化解等方面，研究制定了一系列行之有效的工作措施和工作机制，并强化对市州项目落地入库统计和考核督查，组织开展全省招商引资和涉企遗留问题专项督查，有效推动项目落地和工作落实。。同时，我省商务部门强化服务保障，持续营商环境，紧盯职能职责，严格落实支持中小微企业高质量发展58条、支持中小微企业平稳健康发展36条、促进民营经济发展49条措施等政策意见，推行“不来即享”的政策兑现机制，开展“全程式、跟踪式、保姆式”项目代办服务，大力推进涉企历史遗留问题化解专项行动，在全社会形成了亲商、富商、安商的良好氛围。（记者杜雪琴）,政府领导到其他城市考察学习或访问,0.561760806085404,False,否
甘肃省,欧阳坚在浙江考察学习,2020-09-28,欧阳坚在浙江考察学习时强调 汲取红船伟力学习浙江经验 为甘肃进位和赶超注魂赋能。9月24日至27日，省政协主席欧阳坚率住甘全国政协委员考察团赴浙江省考察学习。欧阳坚强调，要汲取红船精神伟力，学习浙江乡村振兴经验，为甘肃进位赶超注魂赋能。。根据全国政协安排，这次活动重点对乡村振兴和疫情防控进行专题考察学习。欧阳坚等先后到南湖区联丰村、秀洲区天鹅湖未来科学城，桐乡市横港村，安吉县鲁家村、余村，萧山区航民村、凤凰村，阿里巴巴集团考察学习，并瞻仰了南湖红船。其间，与浙江省委书记袁家军会见，出席考察学习座谈会。。欧阳坚每到一地，即与相关人员广泛交流，深入研究乡村振兴的路径、模式、标准、机制，仔细了解疫情防控运行机制。他指出，浙江作为习近平新时代中国特色社会主义思想重要萌发地、“两山”理论的策源地，认真践行是浙江高质量发展的成功密码。他说，要传承和弘扬红船精神，为乡村振兴注入强大精神动力。要把巩固脱贫攻坚成果与乡村振兴有机结合起来，注重制度设计，强化要素供给，全面构建乡村振兴指标体系、工作体系、政策体系、考核体系，协同推进乡村五大振兴。要顺应产业发展规律，优化布局，构建产业体系，做强产业集群，壮大新兴产业，做实利益联结，夯实产业振兴基础。要加快搭建各层次创新平台和研发基地，健全人才激励机制，吸引国内外高端人才，夯实打牢乡村振兴人才基础。要深度挖掘地域特色文化，打造文化平台，让老百姓既有物质上的满足又有精神上的富足。要深入践行“两山”理论，优化乡村规划布局，全面推动农村人居环境改善升级。要强化党建引领，切实发挥基层党组织关键引领作用，让农村发展更加均衡、协调、和谐。要注重运用大数据技术，完善疫情防控救治体系，健全重大疫情应急响应机制。。全国政协经济委员会副主任、省政协原主席冯健身，省政协副主席郝远、马文云、尚勋武、郭天康，兰州军区善后办副主任冷杰松及省政协秘书长王建太等参加考察。浙江省领导葛慧君、陈金彪、朱从玖、马光明等参加相关活动。（记者崔亚明）,政府领导到其他城市考察学习或访问,0.0,True,是
甘肃省,中国人民政治协商会议甘肃省第十二届委员会常务委员会工作报告,2021-02-10,中国人民政治协商会议甘肃省第十二届委员会常务委员会工作报告_甘肃要闻_甘肃省人民政府门户。中国人民政治协商会议甘肃省第十二届委员会常务委员会工作报告 ——在政协甘肃省第十二届委员会第四次会议上。2020年，是党和国家事业发展进程中极不平凡、取得伟大成就的一年。省政协及其常委会坚持以习近平新时代中国特色社会主义思想为指引，坚持团结和民主两大主题，在全国政协指导下，在中共甘肃省委领导下，围绕省委省政府中心任务，发挥专门协商机构作用，着力加强政治协商、民主监督、参政议政和凝聚共识的工作，为决战脱贫攻坚、决胜全面建成小康社会作出了应有的贡献。。持续强化理论武装。认真落实习近平新时代中国特色社会主义思想学习座谈会制度，深入学习党的十九大和十九届二中、三中、四中、五中全会精神，第一时间学习习近平总书记最新重要讲话和指示精神，把学习宣传贯彻习近平总书记对甘肃重要讲话和指示精神贯穿于工作全过程，始终在思想上政治上行动上同以习近平同志为核心的党中央保持高度一致。在每一项工作中都坚定维护党中央权威和集中统一领导，坚定维护习近平总书记党中央的核心、全党的核心地位。召开党组理论中心组学习会议13次，举办理论大讲堂8次，主席会议成员平均作宣讲5次以上，切实打牢增强“四个意识”、坚定“四个自信”、做到“两个维护”的思想政治基础。。加强思想政治引领。把深入学习习近平新时代中国特色社会主义思想，同学习中共党史、新中国史、统一战线史、人民政协史结合起来，让“更加崇尚学习、积极改造学习、持续深化学习”成为全省政协的鲜明特征。通过委员宣讲、学习座谈、调研视察、谈心谈话等形式，引导各党派团体和各族各界人士，切实增进对中国共产党领导的政治优势和中国特色社会主义制度优势的理解和认同，把更多的人凝聚在党的周围。。落实党对政协工作的全面领导。认真学习贯彻省委十三届历次全会等会议精神和各项部署，坚持在省委的领导下开展工作，做到了省委部署推进到哪里、政协履职就自觉跟进到哪里。严格执行重大问题请示报告制度，及时向省委汇报重要事项、重要工作和重要活动，不折不扣落实省委各项要求，做到了政协工作方向不偏、靶心不散。。围绕制定“十四五”规划开展专题协商。聚焦解决发展不平衡不充分问题，把“如何谋”“干什么”“怎么干”统筹起来，先后召开5次经济发展协商会，为制定“十四五”规划凝聚共识、资政建言。就补齐基础设施短板、发展壮大自主可控产业、共建西部陆海新通道提出的建议，有22条被省委省政府纳入了“十四五”规划。就国家优质食用油和肉类生产储备基地建设开展协商，相关建议进入了国家和省里的专项规划。。紧扣推动经济高质量发展进行协商。聚焦我省经济发展中的薄弱环节、主要矛盾和重点任务，就脱贫攻坚与乡村振兴、稳增长保就业、榆中生态创新城、开放型经济、红色旅游、有色冶金和电力行业高质量发展等问题，提出了一批有前瞻性、针对性、建设性的意见建议。倡议并举办了西北五省区政协助推向西开放协商会，联合向国家积极争取了一批政策、项目和资金。。紧盯民生改善深入一线开展协商。把解决民生难题作为协商工作的主要发力点，围绕基层矛盾纠纷化解、农村专门人才队伍、县乡垃圾分类处理、重点文物保护单位消防安全、全民健身等议题，深入调研协商，推动了有关民生问题得到有效解决。。聚焦生态这一底线性任务广泛协商。深入宣传实施黄河流域生态保护和高质量发展战略的重大意义，积极争取并承办了沿黄九省区政协协商研讨会，提出了一批打基础、利长远的建议。围绕黄河流域甘肃段生态保护和治理，召开常委会议专题协商，推动省委省政府有关部署逐项落地见效。,其他,0.9631348346361194,False,否
甘肃省,环西部火车游开启跨省旅游合作新模式,2020-08-05,8月2日21时36分，途经成都、重庆、西安、银川、西宁的Y402/3次“环西部火车游”列车从兰州车站始发。自此，由甘肃省文旅厅联合四川、重庆、陕西、宁夏、青海五省区市文旅部门共同举办的“环西部火车游”旅游专列“1+5”跨省宣传交流活动拉开序幕，跨省旅游合作新模式全面开启。。据悉，这次“1+5”跨省宣传交流活动为期7天6晚，将深入成都、重庆、西安、银川、西宁5个城市，分别举办3场（次）宣传推介会、2场（次）座谈交流会、签约60多份文旅合作和跨省“引客入甘”协议，考察学习10多个景区和企业。。兰州铁路局对“环西部火车游”品牌列车进行了精心打造，整组车体以“交响丝路·如意甘肃”为主题，将甘肃深厚的历史文化和丰富的旅游资源浓缩到专列各节车厢，使其成为流动的“甘肃文化旅游展厅”和“景点博物馆”，更加直观形象地展示甘肃文化旅游特色。（记者严存义 施秀萍 通讯员强科）,政府领导到其他城市考察学习或访问,0.0,False,否
甘肃省,武威市高起点创建全国文明城市工作综述,2020-06-03,文明，是一座城市的梦想和追求。梦想承载着人民对美好生活的向往，追求汇聚成干群砥砺奋进的坚定力量。。入夏的武威，花香四溢，美艳动人。今天，漫步武威街头，你能感受到丝路重镇、文化名城的辉煌厚重，也能见证“崇文尚德、包容创新”的强劲节拍。在经济社会稳步发展、城市建设日新月异的同时，人民群众的获得感、幸福感、安全感持续增强，全国文明城市创建成果在方方面面得以展现。文明，已经植根在这座城市里，融入广大市民的日常生活和行为当中，文明的力量正助推着全市经济社会高质量发展。。2018年2月14日，武威市入选全国文明城市提名城市名单。这是对一个城市开展文明创建工作的充分肯定，更是武威发展史上具有里程碑意义的一件大事。。创城工作开展以来，武威市委、市政府始终将其作为优化城市环境、造福人民群众、促进高质量发展的重要举措，按照“第一年打牢基础、整体推进，第二年攻坚克难、巩固提升，第三年全面冲刺、达标晋级”的目标要求，创造性地提出打造“德城”“文城”“绿城”“清城”的总体思路，持续推进“三项革命”“三项行动”，扎实开展城市建设管理“五个年”和“十大专项攻坚”行动，城市基础设施得到全方位改善，城乡环境面貌发生根本性变化，城市精细化管理水平明显提升，市民文明素质不断提升，群众对城市的获得感、幸福感、安全感、归属感、荣誉感持续增强。。核心价值观、文明创建等公益宣传广告随处可见，融入城市的景观小品、雕塑成为靓丽的风景线；斑马线前文明礼让暖心画面映入眼帘，文明出行、文明出游礼仪风尚在道路、公园、广场处处流传；农贸市场和背街小巷经过“整治美容”，跟脏乱差说再见，居民笑容灿烂……这一切源自创建全国文明城市带来的改变。。2018年2月14日，武威市成为2018年至2020年创建周期全国文明城市提名城市，争得了创建全国文明城市的“入场券”。这一喜讯迅速传遍全市三县一区、四街八巷。市民纷纷表示，要争做文明市民，做好文明示范，为努力创建全国文明城市贡献自己的力量。。“武威市入选全国文明城市提名城市，是值得全市人民为之骄傲的荣耀。我们将以此为契机，扎实开展生态文明建设和全域无垃圾专项行动，持续做好景区环境卫生整治工作，恪尽职守，乐于奉献，凝心聚力，为实现我们共同的目标而努力奋斗！”天马湖管理处工作人员赵丽如是说。。习近平总书记强调：“坚持以人民为中心的发展思想，坚持人民城市为人民。”武威市认真贯彻落实这一要求，精心谋划安排、靠实工作责任、抓好培训学习、强化督查指导，把创建为民理念落实到城市规划、建设、管理全过程，真正使得在创建全国文明城市中，不仅做靓了“面子”，更做实了“让城市更美好，让人民更幸福”的这个“里子”。。主题鲜明的社会宣传标语、图文并茂的公益广告、温馨精确的道德文明提示语……武威市开展创城工作以来，无论是城市乡村，还是大街小巷，无论是公共载体，还是临街商铺，人们总能在不经意间与这些无声的正能量面对面，它们激励着全市上下关心创城、支持创城、参与创城。。一幅幅主题鲜明的公益广告、宣传标语等出现在武威的大街小巷、学校、医院、社区……在为城市注入文化内涵的同时，提升了“创城”在居民群众中的知晓率、参与率和满意度，更潜移默化地影响着市民的一言一行，引导市民自觉成为创城的践行者、宣传者。。以社会主义核心价值观为主题设置的城市绿化景观也是惟妙惟肖、随处可见，已成为武威大街小巷的一道亮丽风景线。“这些花坛景观看起来赏心悦目，把社会主义核心价值观融入景观中，能让人在欣赏景观的同时受到熏陶教育。”市民孙丽红说。,其他,0.7920856197085248,False,否
甘肃省,兰州佛慈口罩生产线投产日产医用外科口罩万只,2020-03-07,经过一个多月的紧张准备，3月6日，兰州佛慈制药股份有限公司新建的2条口罩生产线正式开机运行，首批医用外科口罩正式下线，经过灭菌解析检验合格后将投放市场。。佛慈制药于1月29日向兰州市工信局递交了建设口罩生产线项目的申请报告，并迅速派出力量前往广东考察学习、签订采购合同、建成净化车间。。据介绍，佛慈制药计划投入2100万元，建成10条口罩生产线。其中，医用外科口罩生产线5条，N95口罩生产线5条，全部达产后将形成日产60万只口罩的能力。。“现在建成的这2条医用外科口罩生产线每天生产20万只口罩。”佛慈制药有关负责人表示，其他口罩生产线正在建设当中，预计3月底一共可建成3条医用外科口罩生产线、3条N95口罩生产线。（记者刘健）,政府领导到其他城市考察学习或访问,0.0,False,否
甘肃省,甘肃省工程建设项目审批制度改革工作实施方案政策解读,2019-08-15,工程建设项目审批制度改革是党中央、国务院在新形势下作出的重大决策，是贯彻落实新发展理念的重要举措，是推进政府职能转变和“放管服”改革的重要内容，意义深远，责任重大。习近平总书记多次强调要全面深化改革，优化营商环境；继续大力简政放权，强化事中事后监管；要不断推进国家治理体系和治理能力现代化，坚决破除一切不合时宜的思想观念和体制机制弊端，构建系统完备、科学规范、运行有效的制度体系。李克强总理在去年政府工作报告中明确提出工程建设项目审批时间再压减一半的目标要求，在今年政府工作报告中再次提出“在全国推开工程建设项目审批制度改革，使全流程审批时间大幅缩短”。。2018年5月，国务院在北京等15个城市和浙江开展改革试点。2019年3月26日，国务院办公厅发布《关于全面开展工程建设项目审批制度改革的实施意见》，在全国范围推开改革工作。3月28日，国务院召开全国工程建设项目审批制度改革工作电视电话会议，中央政治局常委、国务院副总理韩正出席会议并作了重要讲话。3月29日，住建部办公厅印发《关于印发工程建设项目审批制度改革实施方案编写要点的函》，对各地编制实施方案提出具体要求。。2018年试点工作开始后，省政府即安排住建厅积极跟踪试点省市改革工作，多次前往住建部专题汇报，赴浙江考察学习，研究起草了《甘肃省工程建设项目审批制度改革工作实施方案（征求意见稿）》（以下简称《实施方案》），2018年11月份征求了14个市州住建、规划等部门和兰州新区城乡规划建设管理局的意见。2018年12月，根据住建部安排组织14个市州政府和住建、规划、发改等部门负责人共44人前往重庆参加全国工程建设项目审批制度改革专题培训。培训结束后，结合住建部起草的《关于全面开展工程建设项目审批制度改革的实施意见（征求意见稿）》和重庆培训会精神，对我省的实施方案再次作了充实完善。。2019年2月，常正国副省长在全省住房和城乡建设工作会上对此项工作进行了安排部署，《实施方案》向参会的各省直部门和市州建设主管部门再次征求意见。2019年3月8日，省住建厅组织召开全省审批制度改革座谈会，广泛听取市场主体的意见和建议，及时关注社会感受度，研究完善了我省的实施方案。。全国工程建设项目审批制度改革工作电视电话会议结束后，按照常正国副省长的指示，省住建厅依据国办《实施意见》和住建部《编写要点》，结合国务院韩正副总理重要讲话精神，进一步修改完善细化我省《实施方案》。3月29日，再次向26个省直部门（中央驻甘单位）和14个市州及兰州新区征求意见。4月16日，常正国副省长召开由相关省直部门参加的专题会议，研究我省《实施方案》，经会议讨论，意见全部达成一致。4月19日，经十三届省政府第49次常务会议审议后，报住建部审核并根据住建部的意见修改完善后于2019年5月 日正式印发。。对工程建设项目审批制度实施全流程、全覆盖改革。改革覆盖工程建设项目审批全过程（包括从立项到竣工验收和公共设施接入服务）；主要是房屋建筑和城市基础设施等工程，不包括特殊工程和交通、水利、能源等领域的重大工程；覆盖行政许可等审批事项和技术审查、中介服务、市政公用服务以及备案等其他类型事项，推动流程优化和标准化。。2019年底前，实现全省工程建设项目审批管理系统与相关系统平台互联互通。2020年底前，基本建成全省统一的工程建设项目审批和管理体系，实现与国家审批管理体系的高度融合统一。,政府领导到其他城市考察学习或访问,0.8994214821634948,True,是
甘肃省,平凉与陕旅集团合作发展文化旅游产业,2020-06-07,近日，平凉市党政考察团赴陕西旅游集团有限公司实地考察学习文化旅游产业发展工作，并就加快推进崆峒山大景区合作开发有关事宜进行对接洽谈。。考察团一行先后考察了华山西峰索道、白鹿原影视城及咸阳市礼泉县袁家村等旅游景点，详细了解旅游规划设计、体制机制创新、旅游项目建设、景区服务管理、文化遗产保护开发等方面的成功经验和做法，并与陕西旅游集团座谈，就崆峒山大景区经营及合作进展情况、合作开发等事宜进行深入交流。。据了解，2019年平凉市与陕旅集团达成合作开发崆峒山大景区意向，合作取得了积极进展。（记者朱宇鲲）,政府领导到其他城市考察学习或访问,0.0,False,否
甘肃省,兰州交大助推临夏州非遗扶贫上新台阶,2020-06-13,记者从6月12日召开的兰州交通大学驻临夏州传统工艺工作站非遗扶贫就业工坊文创产品新闻发布会上获悉，由兰州交通大学团队帮助临夏州设计、研发的临夏砖雕和保安腰刀共计56款文创产品已全部投产，先期计划投放市场28款。这标志着临夏砖雕和保安腰刀文化扶贫产业发展进入品牌化、专业化、标准化运营时代，全州“非遗+扶贫”工作也因此迈上新台阶。。临夏州历史底蕴深厚、文化资源丰富。自2006年开始申报非物质文化遗产以来，临夏砖雕、保安腰刀锻制技艺等11个项目入选国家级非遗名录，回族宴席曲、临夏刻葫芦等29个项目入选省级非遗名录。2018年，临夏县和积石山县被列为全国第一批“非遗+扶贫”重点支持地区，建设了临夏县、积石山县两个国家级非遗扶贫就业工坊。。为进一步扶持临夏州开展非遗扶贫工作，发挥高校在服务社会和地方经济发展方面的人才优势，2019年4月23日，省文旅厅、兰州交通大学、临夏回族自治州政府在临夏州联合成立“兰州交通大学驻临夏州传统工艺工作站”。一年多来，工作站先后多次与临夏非遗项目传承人进行研讨，赴广东、浙江、江苏等地考察学习，并与省内高校及南方发达省份策划设计人员合作，成立了两个文创产品研发小组，帮助临夏州非遗扶贫就业工坊改进生产工艺，提高制作技艺，累计开发出两个项目文创产品89款，现已完成56款的打样和生产，计划投放市场28款。这些产品将通过节会、展销、网络等平台进行推广展示营销，并借助“一会一节”、兰洽会等经贸文化平台，畅通扩大销售渠道，更好地发挥出非遗文化助力脱贫攻坚的积极作用。（记者王睿君）,其他,0.6886454664483738,False,否
甘肃省,兰州市积极引导高层次人才建功立业,2019-07-10,为加强对人才的政治引领和政治吸纳，增强广大知识分子的爱国奋斗精神，近日，兰州市委组织部开办“弘扬爱国奋斗精神、建功立业新时代”专题研修班，组织首期50余名兰州市首席专家和青年专家赴浙江红船干部学院进行了为期一周的研修学习。。据悉，这些专家主要是在兰州市医疗卫生、中小学教育等领域为兰州市发展作出积极贡献的高层次人才。研修班采取集中授课、现场教学等方式，围绕学习贯彻习近平新时代中国特色社会主义思想，设置了浙江“八八战略”的实践与启示、红船精神、从“联系点”到“示范点”、嘉兴经济社会发展新八大现象等课程，组织开展了以“重走一大路、不忘建党初心”为主题的体验式教学活动，组织学员赴96345党建中心、嘉兴科技城智立方、嘉善县规划馆、海宁市梁家墩、秦山核电科技馆等地，对当地基层党建、人才培养、科技创新、乡村振兴等方面的典型经验做法进行考察学习。。通过这次学习，学员们表示，将自觉对标党和国家现实发展需要，大力弘扬红船精神和爱国奋斗精神，不断增强使命担当，切实提升创新能力，扎根基层干事创业，立足岗位建功立业，为推动兰州经济社会高质量发展作出更大贡献。（记者刘健）,政府领导到其他城市考察学习或访问,0.7778032133000962,False,否
甘肃省,福州定西合作探索扶贫惠农资金监管新方式,2019-06-10,“运用互联网、大数据技术对扶贫资金进行监管，已经从福州成功地‘移植’到定西，走向全国……”第二届数字中国建设峰会日前在福建省福州市举行，在“扶贫资金大数据监管平台”展厅，讲解员向参观者介绍定西扶贫惠农资金监管网发展历程时说。。福州与定西，分处东南和西北，飞行距离超过1600公里。东西部扶贫协作，让这两个空间距离遥远的城市建起密切联系，定西扶贫惠农资金监管网就是两地合作结出的果实。。定西是我国脱贫攻坚主战场之一，从中央到地方都在不断加大财政投入，扶贫惠农资金在脱贫攻坚中发挥着至关重要的作用。。与此同时，一些基层干部把“黑手”伸向了扶贫惠农资金。定西市纪委监委党风政风监督室主任党振江说，一些乡村干部侵占挪用、虚报冒领、吃拿卡要、雁过拔毛的问题比较突出。。扶贫惠农资金数量大、来源多、受益面广，而传统监督方式存在人手有限、手段单一等问题，难以为脱贫攻坚保驾护航。。这一问题在其他地方同样存在。福州市纪委常委、秘书长薛博说，扶贫惠农资金要求在阳光下运行，但过去的公示方式存在简单、内容少、更新慢，查询不方便，外出的人看不到等问题，这是造成一些地方扶贫领域腐败和作风问题突出的重要原因。。需求是创新的动力。数字政务应用发达的福州，较早地探索运用互联网手段建设大数据监督平台，2017年开通运行了福州市惠民资金网。2018年，福州“基于‘互联网+’的扶贫惠民资金精准监督创新”获首届“中国廉洁创新奖”。。2018年，福州市惠民资金网扩展了村务村财公开功能，在互联网上公示全市所有173个乡镇街道，共计2696村（居）的109亿多元财务收支情况和8000多个建设项目，完成了从“晒个人”到“晒集体”的扩展。。东西部扶贫协作，让福州这一创新很快“移植”到定西。2016年10月，中央确定由福州对口帮扶定西。两地纪检监察机关密切合作。立足于深度贫困的实际，在充分借鉴基础上，定西市纪委监委统一部署，由各县区先行先试，2018年4月，临洮县率先建成惠农资金监管网，其他地方的监管平台也陆续建成。。两年多来，包括扶贫大数据监管平台在内，福州共向定西投入帮扶资金8亿多元。定西市委常委、市纪委书记、市监委主任温卫东说，定西扶贫惠农资金监管网是东西部扶贫协作的结晶，没有福州的帮助，定西难以建成扶贫大数据监管平台，而定西脱贫攻坚的实践，也拓展完善了这一平台的功能。。上线运行不到5个月，定西扶贫惠农资金监管网总计录入2017年以来扶贫惠农资金信息1100万余条，涉及扶贫惠农项目73类，惠及人数144万余人，涉及资金97亿多元，累计查询量突破3000万人次，为全市总人口的10倍。。“查询量这么多，说明网站得到社会认可。”定西市纪委副书记、市监委副主任王学文说，这背后既是群众对于自己切身利益的关注，也是对于这一监督平台的信任。。福州、定西的扶贫大数据监管平台，虽然名称、侧重点不尽相同，但共同点是页面简洁、功能实用、使用方便，均具备公示查询、比对分析、预警提示的功能。。公示查询功能让全部扶贫惠农资金“晒”在阳光下。福州市惠民资金网、定西扶贫惠农资金监管网都提供了按姓名或身份证号、补助项目类型、行政区划/地图三种查询方式。在按姓名或身份证号查询方式中，任何人只要输入所要查询的人的姓名，就可以看到该姓名下领取的扶贫惠农资金的详细情况。。比对分析、预警提示功能，则能利用大数据技术及时发现数据中的疑点。2018年4月，临洮县查处了一起套取危房改造资金的案件，这起案件的线索是通过刚刚建成的惠农资金监管网发现的，八里铺镇的纪检干部通过网站后台数据比对发现，该镇孙家大庄村村民孙某家庭成员名下有轿车，按规定不能享受危房改造补助。,其他,0.9245089278531804,False,否
甘肃省,天津市南开区与庆城县扶贫协作侧记,2019-05-08,新一轮东西部扶贫协作启动以来，天津市南开区与庆城县两地携手攻坚，精准施策，创新帮扶模式，大力提升贫困户造血功能，催生出了一批产业项目，结出丰硕的帮扶成果。。2018年，南开区与庆城县成立人才支援、产业帮扶、消费扶贫等11个专项工作组，制定了《南开区推进东西部扶贫协作和对口支援三年行动方案》。加强资金支持，确定电子商务和旅游产业为重点扶持产业，助推庆城县加快脱贫攻坚步伐。2018年、2019年分别向庆城县拨付专项帮扶资金2350万元。。南开区通过消费扶贫的方式促进庆城县优质农产品走出去。他们组织国安社区科技有限公司和南开区总工会采购庆城县农副特产等扶贫商品20多种，采购金额近80万元。引导当地企业到庆城县注册成立华福崇善咨询服务有限公司，促进两地共同发展。在南开区天红菜市场中心展区建立“甘肃庆阳·庆城农特产品展销中心”，设有8个免费展台，现已正式运营。2018年11月19日，南开区协助庆城县在天津召开“庆阳苹果”暨庆城县“庆州壹品”农特产品（天津）推介会，帮助联系70余家企业参会对接，有6家企业现场成功签约。。在协作中，南开区不仅提供了资金、项目方面的帮扶，还选派1名干部到庆城县挂职，接收庆城县17名党政干部到南开区挂职；选派7名技术人员走出去，并接收庆城县18名专业技术人才相互挂职交流学习；组织10名科技、企业管理等领域的专家人才在庆城县开展专业技术交流活动。去年以来，南开区在庆城县共开展两场专场招聘会，提供3700多个岗位信息，帮助庆城县就近就业1000多人。。南开区还加大各类帮扶培训力度，先后为庆城县开展党政干部培训、专业技术人才培训和实用职业技能培训近20期，培训干部159人，培训教师、医生等专业技术人才38名，培训建档立卡贫困群众529人。深入推进就业帮扶工作，在庆城县举办了“天津市南开区帮扶庆城县创业培训班”和“东西扶贫劳务协作家政服务培训班”，先后组织庆城县100名创业致富带头人来天津考察学习培训，增强了贫困群众的“造血”功能和内生动力。。南开区组织该区优质学校、医院分别与庆城县学校、医院建立帮扶关系，其中学校结成1对、医院结成2对。组织医疗专家团赴庆城县开展“医疗服务支援行”活动，为当地百姓提供义诊；组织10名骨干教师赴庆城县开展教育教学和教科研培训活动。。与此同时，南开区主动推进村企结对工作，促成23家企业与庆城县贫困村结成合作帮扶关系，并签订帮扶协议；安排3个街道办事处与庆城县3个乡镇签订了合作协议，组织3个社区与庆城县贫困村结成帮扶关系。积极宣传动员社会力量，广泛组织各类社会组织向庆城县捐款捐物，去年以来，共为庆城县捐款捐物价值87万元。(通讯员李锦),其他,0.9457792914879348,False,否
甘肃省,民勤县学习浙江千万工程经验推进全域无垃圾示范县创建工作纪实,2019-03-07,民勤县学习浙江“千万工程”经验推进全域无垃圾示范县创建工作纪实_部门动态_甘肃省人民政府门户。2018年10月5日，习近平总书记作出重要指示：浙江“千万工程”起步早、方向准、成效好，不仅对全国有示范作用，在国际上也得到认可。要深入总结经验，指导督促各地朝着既定目标持续发力，久久为功，不断谱写美丽中国建设的新篇章。。人居环境美不美，事关广大群众的获得感、幸福感，事关全面小康的底色和成色。地处腾格里沙漠和巴丹吉林沙漠包围中的民勤，以创建“全域无垃圾示范县”为目标，学习借鉴浙江好经验，不驰于空想、不骛于虚声，持续发力，久久为功，城乡环境面貌发生了翻天覆地的变化。。环境卫生整治前的民勤，脏乱差现象非常普遍，特别是在农村——渠道内外、道路两侧、庄前屋后到处都是垃圾堆、柴草垛……转变群众落后的思想观念，开展“全域无垃圾”专项整治行动势在必行。。民勤县从统一党员干部思想认识抓起，分批次组织干部和群众代表到甘南等地考察学习先进经验，以眼见为实的整治成效提振党员干部信心。。做给群众看、带着群众干。领导干部带头到责任区域打扫卫生、干部职工主动到公共区域捡拾垃圾、村社干部义务清理渠路沿线陈年垃圾……一系列行之有效的措施，让保护环境、清洁卫生的思想一点一点浸润群众心田，不少群众从等待观望到主动参与，从“自扫门前雪”到义务清扫垃圾，镇与镇之间、村与村之间、户与户之间，形成了比学赶超的浓厚整治氛围。。环境卫生整治不仅提高了群众的生活质量，也推动形成了文明的生活方式。现在，无论是民勤县城还是乡村，随地倒污水的少了，乱扔垃圾的少了，占道经营的少了，违反交通规则的少了，爱护环境、遵守秩序的文明风尚正在形成，社会文明程度大幅提升。。民勤东湖体育公园，原本是污水处理厂的排污坑，一到夏天，气味难闻，群众避之不及。如今，这里人文景观丰富，娱乐项目众多，服务设施齐全，成为集游览、观赏、娱乐于一体的综合性公园，前来游玩的群众越来越多。。民勤秉持“小而精、精而雅”理念，统筹推进公园绿地和基础设施建设，完成城区街景风貌改造，新建城区公厕23座、便民市场9个，新（改）建公园广场9处，新增绿化面积63.3万平方米，2018年被命名为“甘肃园林县城”。。手绘一道墙、教育一群人、树一方新风。漫步于民勤城区居民巷道，步移景异，仿佛置身于一幅水墨画中。“一巷一特色、一墙一主题”，民勤实现了城区公共巷道绿化、亮化、美化、文化全覆盖，起到了以文化人、以文润城的作用。。改善农村人居环境，是实施乡村振兴战略的重点任务。民勤县从群众反映最强烈的卫生脏乱差问题着手，从陈年积旧垃圾清理、厕所改造、房前屋后柴草整治等具体问题改起，夯实农村环境卫生整治的基础。。引进企业回收农村秸秆柴草，建立废旧农膜专业化回收站点。农村有了垃圾保洁车、清运车、流动收集车辆，配备了保洁员，“门前自己管、村道有人扫、垃圾有处倒”的常态化管理机制初步形成。。在收成镇生活垃圾中转站，工作人员徐万明正熟练操作机器，将垃圾压缩为标准的“垃圾块”，避免垃圾转运的二次污染。这样的垃圾压缩中转站在民勤有17座，并已全部投入使用，“户分类、村收集、镇转运、县处理”四级城乡环卫一体化处理模式已经形成，彻底解决了农村垃圾“无处去”的“老大难”。。道路宽了、垃圾少了、环境美了、小区靓了……环境卫生整治让民勤变得越来越美丽、越来越宜居。。为确保农户参与改厕积极性，民勤县镇村三级干部深入农户访谈问计，从外出子女和学生返乡回家的日常起居适应性谈起，全方位、多角度宣传“厕所革命”的好处，让有意愿改造的农户自愿参与进来，自主选择改厕模式，充分保障了群众自主参与权。,其他,0.8990505114459739,False,否
甘肃省,临夏州与厦门市深化东西部扶贫协作综述,2019-01-16,临夏州企业生产的农产品陆续运往厦门，成为市民采购年货的好选择；厦门市学校筹集的爱心物资送往临夏州各偏远学校，充实学校的硬件设施；临夏州党员干部赴厦门考察，学习厦门在基层党建、城市管理等方面的先进经验和做法……。2018年以来，在甘肃、福建两省党委政府的全力推动下，在临夏州、厦门市的共同努力下，东西部扶贫协作工作有力地助推了临夏州脱贫攻坚进程。数据显示，去年临夏州脱贫11.22万人，贫困发生率下降到8.97%，其中东西部扶贫协作带动脱贫2.92万人。。东西部扶贫协作工作实不实，组织领导是关键。去年以来，临夏州持续强化谋划推动，加强互访对接，完善规划计划，不断靠实责任，推动东西部扶贫协作深入开展。。临夏州多次召开专题会议安排部署，确保东西部扶贫协作工作有力推进，并成立东西协作办公室，具体负责东西协作政策研究、工作谋划，加强与厦门对口支援办公室的衔接配合，保障了各项工作顺利推进。。为了更好地沟通、协调东西扶贫协作工作中各项具体事宜，双方签订了《厦门市—临夏州全面深化东西部扶贫协作三年行动框架协议（2018—2020年）》。福建省、厦门市多次来临夏州考察对接东西部扶贫协作工作，全力推动两地教育、卫生、人社、民政、金融、工会、团委、妇联等事业共同发展。。2018年，临夏州与厦门市共同编制完成了《临夏州厦门市东西部扶贫协作三年行动规划（2018—2020年）》及年度计划，各县市也相应制定规划和工作计划，明确了今后三年协作的工作重点和任务。临夏州与各县市、州直行业部门签订了目标责任书，进一步靠实了各县市、行业部门责任，推动了年度各项工作任务落实。。按照框架协议和临夏州脱贫攻坚重点项目，临夏州积极与厦门市衔接，争取资金支持，2018年厦门市、区两级拨付资金4.75亿元，比上年度增长188%，并组织实施了产业扶贫、教育扶贫、健康扶贫、基础设施建设、住房安全保障工程、农村饮水安全工程以及就业扶贫等方面的项目202项，目前已拨付资金3.016亿元。。同时，临夏州持续加大党政干部挂职、教育卫生科技专业人才交流和干部培训力度，着力提升脱贫攻坚工作能力和水平。。干部挂职交流方面，厦门市选派19名干部来临夏挂职，在州、县市政府和扶贫部门担任领导职务，明确分管协管东西部扶贫协作工作，确保了挂职干部“有职、有权、有责”。临夏州选派31名干部到厦门市挂职锻炼。。教育人才交流方面，厦门市38所学校与临夏州41所学校开展协作帮扶交流，先后选派行政管理人员、特级教师、学科带头人、骨干教师75名来临夏州各县市学校开展支教送教及专题培训工作。。卫生人才交流方面，临夏州选派50名医务人员到厦门市8家医疗机构进修学习，州人民医院选派24人到厦门大学附属第一医院考察学习医院管理工作，举办东西协作支医专家专题培训班4期，培训医务人员910名。。此外，厦门市12名金融专家为临夏州产业扶贫、企业融资等工作进行把脉指导，10名社会工作者为临夏州5家福利机构开展集中授课30余次、培训服务护理人员630余人次，20名科技、农业专家来临夏州开展科技支援和农业研究工作。。临夏州坚持互利共赢的原则，紧密结合产业发展现状和资源禀赋，充分利用厦门优势资源，大力推动产业合作。。为了帮助企业实现稳定增收，临夏州专门成立东西协作国企帮扶协调小组，制定企业运行工作方案，推进项目落地实施，目前已完成投资2.55亿元，通过吸纳就业、利益联结等方式，带动脱贫人口1579人。。围绕临夏州确立的培育旅游、食品和民族用品生产加工、劳务三个“百亿元产业”目标，临夏州与厦门市进一步加强劳务协作，扩大培训输转规模。,政府领导到其他城市考察学习或访问,0.6545521997799035,False,否
甘肃省,兰州市区县融媒体中心全部揭牌成立,2019-04-03,从3月2日兰州市首个区县融媒体中心七里河区融媒体中心揭牌，到3月30日西固区融媒体中心揭牌成立，刚刚过去的3月份，兰州市8个区县融媒体中心全部揭牌成立，为新时代全方位宣传兰州打下了坚实的基础。。去年10月，兰州市正式启动区县融媒体中心建设工作。通过多次召开专题会议、下区县调研、分析研判媒体融合趋势，兰州市分别推荐榆中、皋兰两县作为国家重点任务建设县，对其他区县也同步安排部署，各区县融媒体中心建设步入“快车道”。。在推进区县融媒体中心建设中，兰州市、区（县）两级党委强化顶层设计，长远谋篇布局，做到科学统筹、统一推进、严格责任。兰州市委常委会确定了区县融媒体中心统一安排、同步建设的工作思路，要求各区县融媒体中心抓住机构改革契机，完成属地机构合并、职能调整和人员流转。兰州市委宣传部先后多次召开专题推进会研究部署区县融媒体中心建设工作，对各区县融媒体中心的实施方案进行了修订完善。为拓宽区县融媒体中心建设思路，兰州市委宣传部先后组织各区县有关人员赴人民日报社信息中心和浙江省德清县、长兴县等地进行考察学习，并形成了符合上级要求、契合工作需求、满足长远发展的“2+6”建设总体思路，即以2个国家重点任务县为模板，高起点定位、高标准建设，其他6个区县发挥各自特色，同步开展建设，实现建设运营“一体化”管控。。此外，兰州市还制定了《区县融媒体中心建设领导包抓制度》，确保每个区县都有包抓领导、每周都有工作汇总、每月都有现场督导。各区县也分别成立了由区县主要领导任组长的领导小组，由区县宣传部部长挂牌督战、倒排工期、责任到人，确保各区县融媒体中心建设有序推进、按期完工。（记者刘健）,政府领导到其他城市考察学习或访问,0.0,False,否
甘肃省,亿元项目天落地,2019-03-24,福建圣农控股集团有限公司是一家集饲料加工、种鸡养殖、种蛋孵化、肉鸡饲养、肉鸡加工、食品深加工、产品销售、快餐连锁于一体的特大型肉鸡生产食品加工企业，也是亚洲第一、全球第七的白羽肉鸡生产加工企业。。“2018年，圣农集团作出向外扩张的发展策略，在国内选择了几个意向投资地，起初庆阳并不在列。”圣农集团副总裁、甘肃新中盛农牧发展公司总经理杨龙山告诉记者，圣农之所以最终选择庆阳，更多基于当地优良的“软环境”。。2013年，甘肃中盛农牧发展公司入驻庆阳市镇原县，进行肉鸡养殖。作为当地的龙头企业，5年多来，中盛公司为带动群众增收、助力地方发展作出了重要贡献。从2018年开始，中盛公司谋求以全产业链理念推动企业提质升级。。2018年7月，庆阳市获悉圣农集团“向外扩张”的消息后，认为这既是中盛公司肉鸡产业升级发展的现实需要，也是庆阳市农业提质、脱贫攻坚的重要机遇。。当年7月23日至25日，庆阳市政府主要负责同志遂带队前往圣农集团考察对接，向圣农集团负责人及董事会成员全方位介绍了庆阳市的投资环境以及与中盛公司的合作基础，并当场郑重承诺：只要企业落户镇原，庆阳市县两级会像“店小二”一样热情服务，认真研究解决企业提出的每一个问题，倾力支持企业在庆阳的发展。。其间，镇原县、中盛公司也组织相关负责人先后多次赴圣农集团进行洽谈，与圣农集团高层之间反复对接。经过各层面的共同努力，圣农集团表示有意与中盛公司开展肉鸡板块合作，并组团到庆阳实地考察。。对接洽谈、考察互访……各项前期工作紧锣密鼓进行。圣农集团提出，项目落地需要各级政府支持解决5个方面40个具体事项，为此，庆阳市县两级经过认真研究，承诺期限解决，为圣农投资庆阳吃下了“定心丸”。在此基础上，庆阳市还先后多次召开会议，积极协调解决了相关问题。。“中盛有良好的硬件基础和发展基础，庆阳又是农耕之源、陇东粮仓，加之黄土地塬边咀梢天然防疫，具备发展养殖的诸多条件。但这样的‘硬件’，西北不少地方都有。”杨龙山坦言，圣农集团主要是被庆阳各级真诚招商的态度和服务企业的举措所打动。。经过一系列工作，2018年10月12日，圣农集团正式入驻镇原县，集团核心团队同时到位，与中盛公司合作发展白羽肉鸡全产业链项目，合力打造新中盛公司。。杨龙山介绍，圣农集团落地庆阳后，提出“三步走”战略，计划投资60亿元，依托中盛公司现有基础设施，持续升级改造，逐渐扩大规模，通过3年时间建成1.2亿白羽肉鸡全产业链项目。。据测算，该项目全面建成后，可实现总产值250亿元，直接解决用工1万人，间接带动就业10万人以上，同时可消化大量玉米、小麦等农产品，带动镇原及周边县区种植养殖、冷链包装、商贸物流、交通运输等一二三产业全面发展。。针对“谁来抓”的问题，庆阳市级层面由市政府主要领导牵头，市政府分管领导具体包抓，市直相关部门和单位分别确定1名分管领导负责落实。镇原县成立了以县政府主要领导为组长，6名县级干部为副组长，48个部门主要负责人和19个乡镇党委书记、乡镇长为成员的肉鸡产业发展领导小组，并下设办公室，全力推动肉鸡产业发展。。针对“怎么抓”的问题，庆阳市按照省上“一企一策”“一事一议”的要求，打造了600多平方米的项目落地服务大厅，安排1名县级干部专门负责，任命1名在乡镇党委书记、县扶贫办主任等多个岗位历练的同志担任办公室主任，抽调发改、国土、环保等11个部门19名工作人员，专人专责盯守抓促，全天候跟进服务，全方位支持配合，全力以赴加快项目建设进度。,其他,0.8177687095163518,False,否
甘肃省,我省启动农民专业合作社带头人万人培训计划,2019-03-22,为了促进甘肃省农民专业合作社规范经营与发展壮大，助推产业扶贫和乡村振兴，我省近日出台《甘肃省农民专业合作社带头人万人培训计划实施方案（2019-2021年）》，将分区域、分产业、分行业、分层次连续三年每年培训1万名农民专业合作社带头人。培训将按照新型职业农民培育工程项目生产经营型人员培育人均3000元的经费标准实施，培训时间不少于15天。今年我省培育任务为10230人，将于9月底之前完成。。此次培训的培育学员将通过建立新型职业农民培育对象库，坚持贫困村优先、先申请先安排的原则，按照有初中以上文化程度，学习积极性高，年龄在60周岁以下，三年内没有接受新型职业农民培育等条件展开遴选。。此次培训将重点围绕农民合作社相关法律法规及政策、经营管理、特色优势产业规模化连片生产基地建设、标准化生产、全程质量管控、品牌创建、产品营销等内容，采取课堂教学、考察学习和现场操作等相结合的方式，开展多样化专业化的灵活培训。,其他,0.9797248886069936,False,否
甘肃省,全省贫困县乡村旅游和旅游扶贫培训班在兰举办,2018-10-21,10月18日，全省贫困县乡村旅游和旅游扶贫培训班在兰州市开班，来自全省54个贫困县市区的挂职副书记及旅游管理部门负责人接受为期5天的培训，系统学习创新发展乡村旅游的先进理念和方法，实地考察旅游扶贫的成功样板。。此次培训班由省旅发委主办，旨在贯彻落实省委、省政府推进脱贫攻坚的方针政策，进一步提升推进乡村旅游和旅游扶贫的能力水平，推动全省乡村旅游由观光向休闲度假和生活体验转型升级，助力全省脱贫攻坚和旅游强省建设。。培训期间，国家乡村旅游人才培训基地产业导师、中国乡村振兴袁家村课题组负责人望峤，以《创新与共享：袁家村的乡村振兴之路》为题，系统讲解袁家村大力发展乡村旅游的经验和做法；陕西省旅游设计院院长崔宁进行“乡村旅游规划与建设”培训。此外，学员还将赴陕西省袁家村等地现场考察学习。（记者秦娜）,其他,0.7012804310633474,False,否
甘肃省,我省下发有关意见发展兰州牛肉拉面产业助推精准脱贫,2018-11-04,我省下发有关《意见》发展兰州牛肉拉面产业助推精准脱贫_甘肃要闻_甘肃省人民政府门户。省政府办公厅近日下发《关于促进兰州牛肉拉面产业发展的意见》。《意见》提出，把加快发展兰州牛肉拉面产业与脱贫攻坚、劳务输出相结合，延长产业链、提升价值链，推动一二三产业融合发展，为决胜全面建成小康社会、建设幸福美好新甘肃提供有力支撑。。发展兰州牛肉拉面产业，是带动全省餐饮业高质量发展、带动就业助推精准脱贫的重要抓手。《意见》提出，到2022年，力争培育一批创新能力强、品牌知名度高的龙头企业，在境内外重点城市和省会城市打造一批辐射带动作用明显的兰州牛肉拉面示范店。建立覆盖全国，集培训、加工、配送、连锁经营为一体的牛肉拉面产业体系，使兰州牛肉拉面发展环境进一步优化，产业规模不断扩大，市场竞争力明显增强，品牌知名度明显提升，成为我省扩大内需、吸纳就业、推动经济结构转型升级的重要产业。。《意见》明确，我省将坚持历史传承与不断创新相结合、市场主导与政府引导相结合、行业扶贫与产业带动相结合的基本原则，从加快培育壮大市场主体、提升产业现代化水平、大力实施品牌战略、加强食品安全及原辅料基地建设、探索建设多元化市场、加大技能培训力度、强化服务和行业自律等七个主要方面着手，大力促进兰州牛肉拉面产业高质量发展。。按照《意见》，我省将鼓励充分发挥兰州牛肉拉面知名企业的带动作用，鼓励和引导有条件的牛肉拉面企业整合产业链，跨行业、跨地区、跨所有制联合重组，促进集团化、规模化发展，提高兰州牛肉拉面产业集中度。采取以奖代补方式，鼓励从事牛肉拉面传统老店及家庭式、作坊式经营的业主，在保留原字号的基础上，按照兰州牛肉拉面商标“双品牌”模式，更新门店门牌，形成特色地域品牌。加强“兰州牛肉拉面”商标、专利等知识产权保护，支持商标权利人打假维权，规范使用和推广“兰州牛肉拉面”商标。探索通过品牌、人才和技术输出等方式与外国企业联合经营，将牛肉拉面技术人员输出与文化交流、考察学习等结合，多渠道保障劳务需求，开拓海外餐饮市场，提高兰州牛肉拉面在海外市场的占有率。（记者范海瑞）,不属于政府领导到其他城市考察学习的新闻,0.5528167108643152,False,否
甘肃省,兰州新区改革创新成就引人瞩目,2018-09-17,9月12日，为期两天的第四次国家级新区工作经验交流会暨新区工作推动会在这里圆满落幕。。这次会议是国家发改委为进一步促进国家级新区深化改革、扩大开放、实现全国19个国家级新区高质量发展而召开的一次盛会——来自国家发改委、自然资源部、银保监会、相关省（市）发展改革委以及全国19个国家级新区的有关负责同志共聚一堂，交流经验，直面难题，为今后一段时间国家级新区加速发展建言献策，提供智慧支持。。对兰州新区而言，这次大会既是一次难得的学习机会，又是一次展示兰州新区开发建设成就，扩大对外影响，坚定发展信心的机遇——通过两天的实地考察学习和座谈交流，与会代表对兰州新区的发展有了全新的认识，对这座诞生仅6年多的城市给予充分肯定。。“这次来，兰州新区给我最直观的感受就是，一个宜业、宜居、宜游的现代化新城正在这片曾经贫瘠的土地上崛起。”河北雄安新区管委会改革发展局副局长周玮说。。2012年，兰州新区获批国家级新区那一年，周玮曾到访这里。在他的记忆中，那时的兰州新区没有几栋楼，也没有几条路，到处坑坑洼洼，如同一个大工地。。6年来，兰州新区高标准、高质量编制了56项总体规划和专项规划，全面完成160平方公里范围内的道路、给排水、燃气、电力、通信等基础设施建设。。除了扎实的基础建设、完善的城市功能，兰州新区在改善生态环境方面做出的努力，让贵州省贵安新区党工委书记朱桂云印象深刻。。“累计完成造林绿化20万亩、生态修复4万亩，建成区绿地率达到33%，对于一个干旱地区来说，这是非常不容易的，这说明兰州新区走的是绿色发展的路子，必将为今后的长远发展打下坚实的基础。”她说，兰州新区改善生态环境的坚定决心值得学习。。功能日益完善，环境越变越好，为兰州新区招商引资创造了有利条件。6年来，兰州新区累计引进产业项目506个，其中250多个项目已建成投产，形成了先进装备制造、精细化工、信息产业、新能源汽车、生物医药等优势产业，初步构建了一个现代产业体系。。在兰州新区期间，与会的国家级新区代表先后对兰州新区兰石集团、珠海银隆兰州广通新能源汽车生产基地等项目进行了实地考察，深刻地感受到兰州新区产业发展的活力。。“产品能够远销世界各地，在全国多地建立了产业基地，兰石集团称得上是国企改革的榜样。”在兰石集团考察后，朱桂云评价说，兰州新区为企业创造了广阔的发展空间。。上海浦东新区发改委干部曹伟说，兰州新区地处经济欠发达地区，能够在短时间内形成这样的产业格局，实属不易，希望兰州新区在发展的道路上能够再上新台阶。。对于一个不沿海、不临边，地处西北内陆欠发达地区的国家级新区来说，如何实现高质量快速发展，是一个不可回避的现实问题。。过去两年，以着力打造“管理效率最高、服务水平最优、运营成本最低”的现代化新区为目标，兰州新区在重点改革领域先行先试，大胆探索。。——创新行政管理体制。按照“小政府、大部制”的原则，建立了精简高效的治理架构，彻底取消管理性事业单位，解决了体制不顺、职责交叉、效率低等问题。。——深化行政审批制度改革。大力推行“承诺制、零收费、代办制、信息化”，将环评等10项技术审查类审批事项实行企业承诺制，审批时限从137个工作日缩减至40个工作日以内，行政服务效能大幅提升。。——创新干部人事管理。打破人员身份限制，全面推行全员聘用制、全员绩效考核、全员绩效工资，干部作风明显改进，办事效率进一步提升。。“不断改革创新才是新区真正的特质所在，兰州新区将改革作为发展的突破口，可以说找准和牵住了‘牛鼻子’。”山东青岛西海岸新区发改局局长赵英民说，这两年，在经济下行压力下，兰州新区经济增速依然保持了两位数的增长，足以证明改革的成效。,政府领导到其他城市考察学习或访问,0.9158167129740176,False,否
甘肃省,我省持续推进监察体制改革工作综述,2018-05-03,监察体制改革试点工作推开以来，省委、省纪委监委牢固树立“四个意识”，把改革试点工作作为重大政治任务牢牢扛在肩上，不断深化认识，切实增强推动改革的自觉性和坚定性，坚决按照中央确定的时间表、路线图、任务书，精心组织实施，积极探索实践，改革试点工作稳步推进。。去年5月，省第十三次党代会明确提出，按照中央统一部署，适时有序推进监察体制改革。省纪委相关人员先后两次到山西、北京、浙江进行考察学习，积极做好前期准备。10月份，省深化监察体制改革试点工作小组成立，省委书记林铎任组长，省市县三级同步启动监察体制改革试点工作。11月，省委召开全省推开监察体制改革试点工作动员部署电视电话会议，安排部署试点工作。今年1月，我省14个市州86个县市区监委全部完成组建——由此，我省监察体制改革试点工作取得阶段性重要成果。。省试点工作小组先后7次召开会议，研究重要改革事项。省委书记、省深化监察体制改革试点工作小组组长林铎靠前指挥，担负“施工队长”职责，主持起草实施方案。省人大常委会、省纪委、省委组织部、省检察院、省编办研究制定了监察委员会组建、纪委监委机构设置、人员转隶等12个配套方案，促进了试点工作任务的深入落实。省纪委建立领导挂点联系制度，制定《2018年度纪检监察工作调研方案》，确定推进纪检监察体制改革的10项调研内容。。省编办严把转隶人员政治关、廉洁关，逐个审核人员档案，按照“全面融合、突出主业、人岗相适”的原则，对纪检机关、检察机关转隶人员进行混合编成、合理搭配。各级纪委、组织部、检察院认真细致做好人员转隶相关工作，坚持把思想政治工作贯穿人员转隶全过程，与转隶人员逐一谈心谈话，打消顾虑，有力有序推进了人员转隶。充分发挥机关党委和党支部的作用，采用家访、文体活动等多种形式促进队伍融合。。白银市平川区纪委监委的冯新凤是一名从检12年的“老检察”，对检察机关有着深厚的感情，此次转隶至监察委，如何真正实现从“身体转隶”到“思想转隶”“业务转隶”？她说：“战场虽然换了，使命与担当依然是不变的主题。正人先正己，治人者必先自治，我将用高标准严格要求自己，坚定理想信念，竭尽全力，用实际行动诠释忠诚、干净与担当。新征程新起点，不忘初心，奋勇前进。”。今年2月1日，省监察委员会挂牌成立后，立即举办全省纪委监委机关干部集中培训会，围绕政治理论、党章党规党纪、法律法规、纪检监察业务四个方面开展培训，通过领导授课、专家辅导、案例教学、交流讨论、户外拓展等方式，紧抓思想理论准备、强抓业务技能提升，省纪委监委机关、省委巡视机构共263名干部参加培训。3月31日，全省纪检监察业务骨干第一期培训班开班，计划用2年时间依托省委党校和西南政法大学分批脱产培训省市两级纪检监察业务骨干200人。目前，甘肃省纪委监委已培训各级纪检监察干部5000余人次。。转隶之初，白银市纪委监委大多数转隶过来的检察院干部对“四种形态”的理解不深不透，存在不会用的问题。白银市纪委监委在合署办公的第二天，立即组织了首期纪律教育和业务培训班，培训班设置了针对转隶干部的纪检基础业务知识课程和针对原纪检监察干部的查办贪污罪等反贪反渎基础业务课程。参加培训后，第四纪检监察室主任于瀛说：“这让我明白，小事小节中也有党性、有原则，‘四种形态’，一个都不能少。”。为推动“纪法”“法法”有机衔接，加强制度建设，确保反腐败工作不断档不脱节，我省政法部门制定了支持配合监察体制改革试点工作的“1+6”制度。省纪委制定执纪监督监察工作办法及一系列配套制度，与有关部门加强沟通协作，建立合作机制，有效提升办案效率。,政府领导到其他城市考察学习或访问,0.916392235888229,True,是
甘肃省,甘肃省人民政府办公厅关于印发甘肃省通道物流产业发展专项行动计划的通知,2018-06-04,各市、自治州人民政府，兰州新区管委会，省政府各部门，中央在甘有关单位，省属有关企业：。《甘肃省通道物流产业发展专项行动计划》已经省政府同意，现印发给你们，请认真组织实施。。为贯彻落实省委省政府关于构建生态产业体系推动绿色发展崛起的一系列决策部署，加快通道物流产业发展，制定本行动计划。。抢抓“一带一路”建设机遇，将通道物流产业作为构建生态产业体系的重要抓手，坚持创新、协调、绿色、开放、共享发展理念，充分利用大数据、物联网等新技术，培育跨境电商、供应链服务等新业态，突出“铁公机、江海息”联动发展，加快建设丝绸之路物流通道及跨境贸易枢纽，力促通道物流产业实现新突破、大发展。。到2018年底，全省物流业增加值增速达到8%，全社会物流总费用与GDP的比率同比下降1%；批发业销售额增长8%；外贸进出口增长15%，进出口货物通关时间较上年度再压缩1/3。甘肃省国际物流有限公司开始运营并初见成效，中新互联互通南向通道国际货运班列实现常态化运营，中欧（亚）国际货运班列运营效率不断提升。。到2020年，全省物流业增加值年均增速达到8%，全社会物流总费用与GDP的比率下降2%左右；批发业销售额年均增长8%以上；外贸进出口年均增长10%以上；培育10个年营业收入超5亿元的商贸物流龙头企业，培育5个年交易额超100亿元的大市场（物流园区）；建成丝绸之路信息港和商贸物流大数据平台。物流产业对全省经济社会发展的贡献度显著增强。。到2025年，交通物流体系、跨境贸易体系及对外开放平台更加完善，物流产业规模进一步扩大，基础设施进一步完善，信息化水平进一步提升，国际货运编组能力进一步提高，基本形成丝绸之路物流通道及跨境贸易枢纽。。充分发挥丝绸之路经济带黄金段区位优势，突出重大项目引领，完善交通枢纽物流集散功能，推动通道物流产业绿色发展。。（一）建设互联互通南向通道。推进南向通道国际货运班列实现常态化运行，2018年，制定出台南向通道货运班列物流补贴资金管理办法，发挥甘肃省国际物流有限公司的平台作用，尽快形成运营能力，与周边省区建立班列运营合作机制，积极拓展货源，稳定开行兰州—钦州港直达班列，年底前实现每周1班常态化运行。对接开行兰州—重庆中转班列，逐步增加频次。积极开行市州专列和农产品冷链物流班列，增加从新加坡、越南等东南亚国家进口海产品、热带水果等回程班列。与广西平台公司等合作共建兰州无水港，配套建设兰州国际港务区冷链物流设施，探索建设兰州国际港务区多式联运综合体。2020年形成品牌效应，逐步将兰州国际港务区打造成物流高效便捷、区域产业联动、经贸合作互动的国际陆海贸易通道枢纽，南向通道的副中心和西北区域中心效应初步显现。。配合单位：省发展改革委、省工信委、省财政厅、省交通运输厅、省政府国资委，兰州海关，中国铁路兰州局集团有限公司、甘肃省国际物流有限公司，各市州人民政府，兰州新区管委会。。2020年，兰州国际港务区多式联运综合体基本建成，南向通道的副中心和西北区域中心初步形成。。（二）打造中欧（亚）国际货运班列编组枢纽。在现已开行的“兰州号”“天马号”“白银号”中亚、南亚国际货运班列的基础上，积极探索开行中巴、中欧新线路。支持国际货代企业在中欧班列目的地合作设立境外物流中心，发挥武威木材进境指定口岸、兰州铁路口岸、白银海关监管仓库的平台作用，支持开行木材、粮食、矿产品等回程国际货运班列。加强与重庆、成都、宁夏等中欧班列运营公司合作，支持企业开展班列出口零担货物属地拼箱、口岸“集拼集运”业务，提高中欧班列的货物集散和归集能力。在兰州市启动建设中欧班列进口商品超市、跨境电商进口商品展示展销中心。,其他,0.9776627422227276,False,否
甘肃省,甘肃省通道物流产业发展专项行动计划访谈,2018-08-13,李书敏：现代物流产业几乎涵盖了全部社会生产与消费领域，涉及三大产业和社会再生产的全过程，对国民经济各行业资源配置和产业升级发挥着积极的拉动和促进作用，是国民经济发展的动脉和基础支撑系统。因为得天独厚的通道区位优势，我省发展物流产业源远流长，但总体上进展不快、质量不高，这也是我省经济欠发达的主要原因之一。必须充分发挥通道物流产业能够有效促进投资增长、消费增长、出口增长、实现优势转化的支撑促进作用，使其成为全省经济社会发展的突破点。。李书敏：今年1月，省委省政府出台了《关于构建生态产业体系推动绿色崛起的决定》（甘发〔2018〕6号，以下简称“《决定》”）。《决定》在“总体要求”部分中指出：全面贯彻党的十九大精神，以习近平新时代中国特色社会主义思想为指导，着力构建生态产业体系，推动经济发展质量变革、效率变革、动力变革，大力发展循环农业、中医中药、文化旅游、通道物流、数据信息、军民融合等绿色生态产业。《决定》在“重点产业”部分中将“巩固拓展通道物流产业”作为“十大产业”进行了重点描述。由此，发展通道物流产业成为省委省政府确定的重大战略部署，纳入全省重点工作任务。。2月14日，省政府印发了《甘肃省推进绿色生态产业发展规划》（甘政发〔2018〕17号，以下简称“《规划》”）。《规划》第三章“加快绿色生态产业发展”第七部分“巩固拓展通道物流产业”强调：充分发挥丝绸之路经济带黄金段的区位优势，巩固和发展重要交通枢纽和物流集散地优势，推动环境影响小、综合效益好的物流业和制造业、交通运输业、商贸业及循环农业融合发展，抢占“通道制高点”，促进物流业国际化、信息化、高效化和绿色化。由此，发展通道物流产业正式纳入全省重大产业规划。。李书敏：根据发展实际，甘肃自我加压，突出“铁公机、江海息”联动发展，确定了近期、中期、远期目标：到2018年底，全省物流业增加值增速达到8%，全社会物流总费用与GDP的比率同比下降1%；批发业销售额增长8%；外贸进出口增长15%，进出口货物通关时间较上年度再压缩1/3。甘肃省国际物流有限公司开始运营并初见成效，中新互联互通南向通道国际货运班列实现常态化运营，中欧（亚）国际货运班列运营效率不断提升；到2020年，全省物流业增加值年均增速达到8%，全社会物流总费用与GDP的比率下降2%左右；批发业销售额年均增长8%以上；外贸进出口年均增长10%以上；培育10个年营业收入超5亿元的商贸物流龙头企业，培育5个年交易额超100亿元的大市场（物流园区）；建成丝绸之路信息港和商贸物流大数据平台；到2025年，基本形成丝绸之路物流通道及跨境贸易枢纽。。李书敏：一是建设国际商贸物流大通道。主要包括建设中新互联互通南向通道和提升中欧国际货运班列运营水平。通过努力，使得我省逐渐成为联结“一带”与“一路”、西南与西北、中西亚与东南亚的国际物流大通道、大枢纽。。二是建设三大国际陆港和三大国际空港。具体是指兰州、天水、武威三大国际陆港和兰州、嘉峪关、敦煌三大国际空港。。三是建设市县乡农产品物流体系和冷链物流体系。以大型商品交易市场为龙头，以重点农产品产地批发市场为骨干，以县乡便民市场等零售市场为基础，以农产品冷链物流为支撑，形成较为完善的农产品市场体系。。四是积极扩大进出口贸易。主要任务包括开拓国际市场，推进国际产能合作，筹备参加进口博览会，积极应对中美贸易摩擦。。五是提升通道物流产业的信息化水平。完善国际贸易“单一窗口”功能，推进跨境电子商务发展，建设全省商贸物流大数据中心。,其他,0.9700908605111744,False,否
甘肃省,我省巩固拓展落实中央八项规定精神成果,2018-09-13,今年以来，我省各级纪检监察机关认真贯彻落实习近平总书记关于进一步纠正“四风”、加强作风建设的重要批示精神，坚决整治只说不做之风、弄虚作假之风、简单机械之风、享乐奢靡之风和特权之风等顽症痼疾，认真开展严防享乐主义奢靡之风反弹“九严查”，进一步巩固和拓展作风建设成果。。今年上半年，我省共查处违反中央八项规定精神问题315件，处理566人，给予党纪政务处分372人。这是我省纪检监察机关强化监督检查，巩固拓展落实中央八项规定精神落地生根的成果。。我省把监督检查落实中央八项规定及实施细则精神情况作为重点任务和经常性工作，制定关于落实中央八项规定精神监督检查办法，既紧盯重要时间节点，也注重日常监督检查，着力推动落实中央八项规定精神成为自觉、成为风尚、成为习惯。同时，深入开展“三纠三促”专项行动，全力纠正不担当、不作为和弄虚作假问题。。“泾川县荔堡镇大寨村违规赊欠某酒店接待费30712元，村党支部书记力自成受到撤销党内职务处分，村委会主任李兴元受到党内警告处分”“兰州市七里河区爱国卫生运动委员会办公室主任刘维明在参加单位组织的考察学习后，绕道前往杭州办理私事，在单位财务账报销了在杭州的相关费用共计1621元，受到党内警告处分，违纪报销资金予以收缴”“定西市临洮县人民医院泌尿科主任李向齐在不具备手术条件的情况下，在泌尿科换药室违规为患者进行手术，并私自收取费用1600元，受到降低岗位等级处分，收回违规收取费用”……上半年，全省对498个单位给予责令检查和通报批评，党纪政务处分585人，组织处理2259人，并公开通报曝光201起不担当、不作为和弄虚作假典型问题。。每逢元旦春节、五一端午、国庆中秋等重要节点，省纪委都坚持发信号、打招呼、提要求，通过下发通知、召开会议、集中通报曝光等措施，向社会持续释放严格执纪、常抓不懈的强烈信号。紧盯关键时间节点，强化执纪问责，净化节日风气，成为了我省巩固作风建设成果的常态。。省市县三级联动，以明察为主、暗访为辅，突击检查与点穴式暗访相结合，已经连续5年在节假日期间组织明察暗访，连续3年对全省党政机关、国有企事业单位公款消费发票进行梳理，查找问题线索，查处了一批群众反映强烈的突出问题，公开曝光了一批典型案件，形成了有力震慑。。为推动全省作风建设年活动深入开展，进一步加大督查力度，拓宽监督渠道，我省从“两代表一委员”、民主评议代表和信访部门中聘任了30名同志为全省作风建设年活动监督员，参与明察暗访和监督评议工作，推进全省作风持续转变、发展环境持续向好。省民政厅从社会组织、民政服务对象和老干部代表中聘任监督员，邀请他们参与全省民政领域作风建设监督，监督员可以参与全省民政领域明察暗访和监督评议工作，也可以发挥桥梁纽带作用，广泛听取群众呼声，及时发现问题并提出合理化意见建议。。全省各级纪检监察机关不断加大对违反中央八项规定精神问题的执纪审查力度，坚持抓早抓小、露头就打，发现一起、查处一起，重点查处不收敛不知止、顶风违纪行为。。我省以踏石留印、抓铁有痕的劲头打好作风建设持久战，巩固拓展落实中央八项规定精神成果，不敢腐的震慑作用充分发挥，不能腐、不想腐的效应初步显现。(记者吕宝林 朱雅琴),其他,0.7791220894463083,False,否
甘肃省,省旅发委帮扶崆峒区贫困群众,2018-01-12,自去年8月以来，为强化帮扶措施，省旅游发展委员会在所帮扶的崆峒区麻武乡的6个村先后投入帮扶资金186万元，从支持乡村扶贫产业培育、制定旅游发展规划、改善基础设施建设及开展农民技术培训等方面助推当地脱贫攻坚。。通过分析麻武乡贫困成因和基础设施建设、产业发展等方面存在的短板弱项，省旅游发展委员会委托兰州文理学院规划院编制了麻武乡旅游发展规划，投入45万元建设麻武街道公共卫生间1处，投入9万元建设全乡道路旅游标识牌17处。同时，集中力量抓产业发展，积极培育新型经营主体，因地制宜发展特色种养、乡村旅游、农村电商等，带动贫困群众发展生产、就业增收。此外，投入15万元，举办乡村旅游扶贫骨干及从业人员培训班，组织全乡副科级以上干部赴外地考察学习，激发当地干部群众发展乡村旅游等特色产业的活力。（记者朱宇鲲）,其他,0.9392752456765144,False,否
甘肃省,我省组织贫困县主要负责人赴贵州提升精准脱贫能力综述,2018-04-13,学贵州想甘肃 新收获新征程 ——我省组织贫困县主要负责人赴贵州提升精准脱贫能力综述。在全省全力以赴打好打赢脱贫攻坚战的关键时期，3月3日至30日，省委、省政府集中安排58个集中连片贫困县党政正职、分管副职以及40个深度贫困乡镇主要负责人分别赴贵州进行为期半个月的学习培训，这在我省还是多年来的第一次。。一年之计在于春。尽管在贵州培训只有短短的两周时间，但学员们耳目一新、感触颇深，普遍反映在思想认识上经历了一次深刻的洗礼，达到了启迪思路、开阔视野的目的。许多学员感慨地说：这次赴贵州学习培训充分体现了省委、省政府对贫困县领导开阔思路、提升能力，引领干部群众实现脱贫致富寄予的厚望和决心，给了我们一把推进精准扶贫精准脱贫工作的“金钥匙”。。新时代需要新作为，新要求呼唤新动力。越是攻坚克难的时刻，对党员干部增强各项本领的要求越高。。他山之石，可以攻玉。2012年，甘肃与贵州还处在同一起跑线上。现在，两省已经在经济总量、发展速度、生态环境、城建交通、脱贫攻坚等方面出现巨大落差。。近年来特别是党的十八大以来，贵州解放思想、大胆实践，创造了贫困落后省份逆势崛起的奇迹和争创一流的“贵州速度”，成为全国脱贫攻坚的“省级样板”。2017年贵州全省GDP总量达到1.35万亿元，增速列全国首位。。从黔南州黄丝村到遵义市花茂村，从安顺市塘约村到六盘水市米萝镇……在整整两周的时间里，既有课堂教学，又有实地考察，既有专题辅导，又有座谈交流，学员们通过各种方式，如饥似渴地考察学习，情不自禁地对比反思。。2012年以来，贵州省委省政府深入贯彻习近平总书记扶贫开发战略思想，牢固树立“贫困不除、愧对历史，群众不富、寝食难安，小康不达、誓不罢休”的坚定信心和决心，以脱贫攻坚统揽经济社会发展全局。尤其是他们在推进脱贫攻坚中注重顶层设计，制定出台了全国首部“大扶贫条例”，坚持全省上下“一盘棋”，高标准规划、高起点建设、大手笔投入，所有工作向脱贫攻坚聚焦、各种资源向脱贫攻坚聚集、各方力量向脱贫攻坚聚合，以改革谋发展，以发展解贫困，激发了干部群众干事创业的激情。学员们了解到，贵州一些贫困县政府脱贫攻坚投入在百亿元左右，有些村寨改造投入达到2亿多元。。贵州“地无三尺平”，山地占全省总面积93%，山阻水隔、交通不畅是制约发展的最大瓶颈。要想富先修路，贵州全力改善交通状况。经过短短几年建设，贵州实现了县县通高速、村村铺油路，2017年又启动了“组组通”三年攻坚，计划到2020年建成9.7万公里通组公路。一路通百业兴。交通基础设施的改善，打通了贵州经济发展的大动脉，使得“人畅其行、货畅其流”，盘活了全省的资源。。学员们先后到黔南、遵义、安顺、六盘水等地乡村，实地参观了万亩茶海、万亩猕猴桃等产业基地，现场观摩了水城县千户彝寨、普古乡娘娘山等异地扶贫搬迁项目和乡村旅游扶贫示范点。他们发现，贵州各地或是立足自然生态禀赋，大力发展菜、茶、果、药等特色产业，或是利用人文历史资源，积极推进乡村旅游、红色旅游和民族民俗旅游，村级集体经济得以发展壮大，基层组织引领作用有效发挥，产业带动成为实现农民稳定脱贫的有效抓手。。实地调研中，学员们普遍感受到，贵州各级干部和基层群众的思想观念新、精神状态好，无论是辅导讲课的省市党校教授、贫困县领导同志，还是观摩点的乡镇、村社干部，都对脱贫攻坚政策了如指掌，对本地的脱贫措施、成果和今后打算如数家珍，干部群众精气神饱满。。通过这次学习培训，学员们既发现了差距、感受到压力，又学习了经验、开拓了思路，更明确了方向、看到了希望。。差距，首先是思想观念上的差距。学员们深深感到，善思考、敢创新是贵州扶贫工作的一大亮点。,其他,0.7116242675123708,False,否
甘肃省,学习借鉴贵州经验加快脱贫攻坚进程,2018-04-13,曾几何时，贵州是乌蒙磅礴、崇山峻岭、山大沟深的代名词，“天无三日晴、地无三尺平”，和甘肃一样，同样烙有贫困的印记。党的十八大以来，贵州解放思想、大胆实践，创造了贫困落后省份逆势崛起的奇迹和争创一流的“贵州速度”，成为全国脱贫攻坚的“省级样板”。。他山之石，可以攻玉。3月3日至30日，省委、省政府集中安排58个集中连片贫困县党政正职、分管副职以及40个深度贫困乡镇主要负责人分别赴贵州进行为期半个月的学习培训，学员们在思想认识上经历了一次深刻的洗礼，普遍反映达到了启迪思路、开阔视野的目的。为了加强交流、互学互促，现将部分学员心得体会摘要编发，以飨读者。。一是高起点规划。贵州省在谋划发展顶层设计上理念新、思维新，政策导向上机制活、体制活，政策设计上接天线、下接地气，既有目标，又有抓手。比如在工作实践中，坚持把脱贫攻坚与全面小康、美丽乡村建设相统筹，科学规划，统筹推进，逐步推进，一张蓝图绘到底，许多政策措施在全国都是首创。二是一盘棋运作。贵州制定出台了《贵州省大扶贫条例》，对脱贫攻坚“四梁八柱”作了科学全面的顶层设计，并能够聚焦工作重点进行清单式、项目式精细化管理。三是全方位推进。贵州强力推进大扶贫、大数据、大生态三大战略行动，经济社会发展取得显著成绩。尤其在推进精准扶贫过程中，创造了精准识别“四看法”“十子工作法”“六个到村到户”“低保标准和贫困标准两线合一”“四到农家·美丽乡村”、六项行动计划、“三变”改革、“塘约经验”等许多好经验好做法，为精准扶贫树立了“贵州样板”，可以说贵州的脱贫攻坚处处都能看到创造精神。。学习贵州先进经验，我们要在学习中比较，在比较中寻找差距，切实增强紧迫感，加快脱贫攻坚进程。接下来，我们将完善好“一户一策”精准脱贫计划，围绕“两不愁、三保障”，根据“缺什么补什么”的原则，全力以赴补短板。同时，坚定不移地抓好产业扶贫。。一方面，贵州省健全完善干部正向激励机制。比如贵州省不断加大对乡镇和村级经费的投入，有效激发了基层阵地活力；六盘水积极探索村干部职业化管理，村干部服务群众、服务经济社会发展的能力明显提升。另一方面，注重探索容错纠错机制。对实打实干事创业的干部，即使犯错也给予更多理解和包容，彻底消除“多干多错、少干少错、不干不错”的消极心态，推动形成想干事、敢干事、能干事、干成事的良好风气。在此基础上，广大党员干部认真领会贯彻上级各项重要精神，以敢为人先的创新精神和“宁可干部脱皮也要群众脱贫”的苦干实干，推动了各项政策有效落地。。这些深刻地启示我们，要打好打赢脱贫攻坚这场硬仗，首要的是要给干事者鼓劲、为担当者撑腰，全面激发广大干部群众干事创业的热情和激情，激发他们脱贫攻坚的信心和决心，以时不我待、敢死拼命的精神奔赴脱贫攻坚一线。推动形成想干事、敢干事、能干事、干成事的良好风气。。他山之石，可以攻玉。贵州经验给了我很大的鼓舞。接下来，我们也将以饱满的热情和奋发的精神，坚持把产业扶贫作为脱贫攻坚的首要任务，把推动产业转型升级作为推动县域经济发展的重要举措，大力培育新型农业经营主体，形成金字塔形的农业产业化体系，实现“强区”和“富民”双推进双提升。。一是政治上的高站位。贵州上下认真贯彻落实党中央、国务院重大决策部署特别是习近平新时代中国特色社会主义思想，做到一切工作都紧跟中央决策部署来谋划，一切措施都围绕决胜脱贫攻坚、同步全面小康的目标来开展，以“钉钉子”精神一项一项落实、一步一步推进。。二是谋划上的新思路。贵州大胆地试、大胆地闯、大胆地干，县县通高速，农村“三变”改革，产业、旅游、基础设施三大融资平台，无一不是解放思想、创新思路的典范。,其他,0.8499944174054415,False,否
甘肃省,白银通报起违反中央八项规定精神问题,2017-10-28,分别是：景泰县喜泉镇南滩村党支部委员苟三霞违规为其子操办“升学宴”问题。2017年8月17日，苟三霞在镇、村两级党组织就严禁党员干部举办“升学宴”进行约谈提醒后，仍违规为其子举办“升学宴”，宴请宾客150人，收受礼金19860元。苟三霞受到党内严重警告处分，责令退还违规收受礼金。。甘肃省国营条山农场综合服务部职工黄冬生违规为其子操办“升学宴”问题。2017年7月30日，黄冬生在农场党委多次下发禁止举办“升学宴”相关通知，并与其签订不操办“升学宴”承诺书的情况下，仍为其子操办“升学宴”，违规收受近亲属以外人员礼金4900元。黄冬生受到党内警告处分，责令退还违规收受礼金；综合服务部党支部书记张雪林落实主任责任不力被诫勉谈话；综合服务部经理杨军履行“一岗双责”不力被告诫约谈。。景泰县红水镇靖安村村委会主任张维全违规报销餐费问题。2016年，张维全在村级经费中违规列支餐费2750元，并以“三八妇女节”文艺活动名义虚开发票予以报销。张维全受到党内警告处分，违规报销资金已收缴。。白银市科协副调研员赵国育违规报销差旅费问题。2013年5月16日至21日，赵国育在参加深圳文博会时，提前2天乘飞机抵达深圳，会议未结束即乘火车前往桂林、南宁，5月24日乘飞机返回白银。培训结束后，违规报销应由个人承担的赴南宁、桂林发生的相关费用，共计1895元。赵国育受到党内警告处分。。会宁县侯家川镇邢郡村、白顾村原村干部违反村级零接待规定问题。2013年至2014年，经侯家川镇农业服务中心主任魏延章审批，邢郡村党支部原书记赵殿杰、村委会原主任马正清、原村文书王彦军违规从村级办公经费中报销招待费3896元；白顾村党支部原书记顾世贤、村委会原主任李满、原村文书曹旭东违规从村级办公经费中报销招待费2615元。赵殿杰、马正清、王彦军、顾世贤、李满、曹旭东6人被诫勉谈话，违规报销资金已收缴。魏延章审核把关不严被诫勉谈话，镇党委原书记韩成、原镇长马宏江、现任镇党委书记李树森落实主体责任不力被告诫约谈。。靖远县档案局原局长李守杰违规公款旅游问题。2013年3月，李守杰以考察学习文物建档管理为由，赴法门寺、崆峒山等景点旅游，违规报销相关费用3159元。李守杰受到党内严重警告处分，违规报销资金已收缴。。平川区黄峤乡农业综合服务中心原主任张建昕、宝积镇农业技术服务中心原主任张虎违规公款旅游问题。2013年9月3日至7日，张建昕、张虎在兰州参加培训后，于2013年9月9日至13日，赴湖南韶山、张家界、凤凰古城等地旅游，违规报销相关费用7920元。张建昕、张虎分别受到党内严重警告处分，违规报销资金已收缴。。平川区农机局副局长杨明锦、干部高振玺违规报销差旅费问题。2013年3月17日至19日，杨明锦、高振玺到北京参加培训后，在北京滞留4天于3月24日返回，高振玺在未告知杨明锦的情况下，违规多报销滞留期间差旅费用3347元。高振玺受到党内警告处分，杨明锦被诫勉谈话，违规报销资金已收缴。（记者吕宝林）,其他,0.9500026025288948,False,否
甘肃省,冯健身带领住甘全国政协委员考察团赴辽宁考察创新驱动战略,2016-08-27,冯健身带领住甘全国政协委员考察团赴辽宁考察创新驱动战略_甘肃要闻_甘肃省人民政府门户。按照全国政协统一安排，8月19日至24日，全国政协委员、省政协主席冯健身带领考察团赴辽宁省，就实施创新驱动战略、促进传统产业转型升级进行学习考察。。辽宁省副省长刘强在座谈会上介绍了辽宁省实施创新驱动战略，促进传统产业转型升级情况。。在座谈会上听取情况介绍后，冯健身说，辽宁省深入贯彻落实习近平总书记系列重要讲话精神特别是关于东北振兴发展的重要批示精神，大力实施创新、改革、市场、开放“四个驱动”战略，改造提升“老字号”、深度开发“原字号”、培育壮大“新字号”，坚持发展战略性新兴产业和促进传统产业转型升级并驾齐驱，工作起点高、行动快、成效大、亮点多，在制定扶持政策、提升传统产业核心竞争力、优化企业环境、化解过剩产能、发展新兴产业等方面，有许多好做法好经验给我们以深刻启示，值得甘肃学习借鉴。他说，习近平总书记指出，实施创新驱动发展战略，是加快转变经济发展方式、提高我国综合国力和国际竞争力的必然要求和战略举措。甘肃是全国的老工业基地，国家“一五”时期建设的156个重点项目有16个布局在甘肃境内，工业发展历史悠久，拥有较为完备的产业体系。近年来，面对经济持续下行、发展环境错综复杂、部分行业产能过剩等突出矛盾，甘肃省委省政府主动适应经济发展新常态，积极推进供给侧结构性改革，切实加大调结构转方式力度，努力提高发展质量和效益，不断加快工业转型升级步伐。通过这次考察学习，我们将把辽宁在实施创新驱动战略、促进传统产业转型升级的好经验好做法带回去，向省委省政府汇报，力争在促进甘肃传统产业转型升级中发挥更大作用。。在辽期间，考察团一行实地考察了沈飞航空博览园、中国工业博物馆、沈鼓集团、沈阳机床集团、新松机器人自动化公司智慧园、盘锦市辽河湿地整治及新农村建设、大连船舶重工集团和大连重工起重集团等处。。把创新融入到企业生产的每一个环节，这是住甘全国政协委员在沈阳参观沈鼓集团、沈阳机床集团、新松机器人自动化公司智慧园等企业后的强烈感受。大家认为，这些企业从产品研发到车间生产都注重激发员工的主观能动性和工作积极性，团结协作，锐意创新，从而在激烈的市场竞争中立于不败之地。。盘锦市大洼区石庙子村是创新社会治理的改革试点村，该村依托宜居乡村建设成果，大力发展认养农业、民宿旅游、庭院经济、劳务输出、苇编工艺五大富民产业，2015年农民人均收入超过两万元。委员们考察后谈到，石庙子村的大发展，首要原因是地方干部群众的观念新、思路活，正是他们找准了定位，以崭新的理念富有创造性地工作，才使昔日的贫困乡村实现了大发展、快发展。。创新是一个企业的文化和灵魂。在大连船舶重工集团和大连重工起重集团考察时，企业注重自主创新和技术实力给委员们留下了深刻印象。大家一致认为，只有时刻保持强烈的危机感和紧迫感，始终把创新放在首位，勇于进取，敢于突破，企业发展就一定能取得成功。（通讯员王聪）,政府领导到其他城市考察学习或访问,0.0,True,是
甘肃省,静宁一大一微构建基层党建新格局,2017-02-01,天刚刚擦黑，静宁县甘沟镇大柳村新落成的村部大喇叭也“赶饭点”似地准时开播了，铿锵有力的两段秦腔之后，传来了《新闻联播》的声音，能够及时聆听到中央有关党建的重要新闻，让村民们心里暖融融的。。静宁县是全省较早开展党建品牌创建的县区之一。多年来，“成纪先锋”党建品牌衍生出了农村富民先锋、机关效能先锋等7个子品牌，覆盖各个行业领域，放大了党组织服务功能，树立了党员先锋形象。然而，基层党建工作在常抓常新中也出现了诸多困难和问题。静宁县原安乡党委书记赵小灵直言道，农村党员数量多、居住分散，支部开展活动难召集、难组织、难集中；部分年轻党员外出务工，流动性大，党组织教育管理鞭长莫及；一些党组织对党员缺乏分类教育，老党员和年轻党员教育管理方式如出一辙，老办法不管用、新办法不会用，党内组织生活缺乏吸引力，一定程度上制约了基层党建工作的开展。。思路源于困惑，难题催生变革。面对当前全面从严治党新要求、决胜脱贫攻坚新任务，基层党建工作需要更加贴近实际、回归本真，接地气、见实效。。为此，静宁县主动破题，由组织部门负责开展基层党建调研活动，安排组工干部深入乡村一线和贫困村社、走进机关单位，开展蹲点调研。在深入调研论证、广泛征求意见的基础上，静宁县将强基固本责任和“互联网+”理念融汇植入基层党建工作，确定在全县推广“一大一微”平台建设。“一大”就是农村大喇叭，这是传统的党员群众教育阵地；“一微”就是分级组建的党建工作微信群和党员学习交流微信群。“一大一微”相互补，传统与新兴相融合，构建起静宁县基层党建工作的新格局。。自去年11月以来，静宁县24个乡镇党委依托农村党员现代远程教育项目和文体广电部门“村村响”工程，在297个村和1429个村民小组恢复建立大喇叭阵地，利用大喇叭宣讲六中全会精神等1227场次，将党的声音高效快捷地传递到千家万户。。近日，记者在三合乡段渠村看到，党支部书记高世成通过大喇叭宣讲十八届六中全会精神。他说，只要大喇叭一响，党员群众就知道乡、村有新任务了，思想行动就主动靠拢过来了。。古城镇贾庄村27岁的党支部副书记贾俊杰，为了落实党支部分配给自己的流动党员联络任务，专门组建了党员微信群，与外出务工的24名党员经常微信互动，“让流动党员感受到了党组织的关心和温暖”。。基层党建能否抓实见效，关键在于党建责任制落实。为了促进“一大一微”平台规范运行，发挥最大效能，静宁县结合实际制定了乡村大喇叭和党建微信群运行管理暂行办法，对管理使用、规范运行、考核考评等提出明确规定，长效打造“家门口的课堂”和“指尖上的党建”。。在推进“一大一微”平台规范运行的基础上，静宁县还选派组工干部赴浙江宁波等地考察学习“互联网上党旗红”经验做法，确立实施“智慧党建”工程，着力构建融全方位党务管理、多元化结对帮扶、自助式教育培训、综合性党建宣传、科学化数据分析为一体的党建工作在线动态管理系统。静宁县委负责同志表示，党建工作将聚焦脱贫攻坚“一号工程”，以培育互联网+党建、品牌+党建、产业+党建的“三型党建”为抓手，坚持“传统阵地”和“智慧党建”双管齐下，切实加强党员教育管理，努力推动把全面从严治党要求落到实处。(记者惠程华 通讯员李高强),其他,0.9388982045301432,False,否
甘肃省,庆阳市通报违反中央八项规定精神典型问题,2016-08-31,分别是：环县质量技术监督局公款旅游等问题。2014年6月，该局党组书记、局长惠效海，检测所所长赵永刚借带领单位职工考察学习机会，公款报销旅游景点游玩、KTV娱乐费用2040元；同年7月，该局副局长杨万借带领单位职工考察学习机会，报销旅游景点门票、住宿、餐饮等费用4878元；惠效海办公用房面积超标，公款支付个人电话费6117元。该局还存在私设“小金库”、公款购买香烟3.3万元等问题。2016年7月，环县纪委监察局给予惠效海党内严重警告、行政降级处分，并按程序免去其党组书记、局长职务；给予杨万、赵永刚党内警告处分。违规支付的公款旅游等费用收缴财政。。合水县石化办违规超标准使用企业配属车辆问题。2013年1月至2015年12月，长庆油田分公司第十二采油厂将一辆丰田霸道2700越野车无偿配属给合水县石化办使用，燃修、保养、保险等费用由第十二采油厂承担。2016年8月，合水县纪委给予时任石化办主任袁书明党内警告处分。。正宁县农业广播电视学校违规购买手机、香烟、支付电话费等问题。2013年1月至2014年12月，该校用账外资金支出校长赵博购买手机费用3000元、话费3077元；虚开发票冲抵购买烟酒、水果等费用14182元。2016年7月，正宁县纪委监察局给予赵博党内严重警告、行政记过处分，按程序免去其农牧局党委委员、副局长、农广校校长职务；对副校长樊浩杰进行诫勉谈话；给予会计赵有亮记过处分，并取消预备党员资格、调离会计岗位。违纪资金收缴财政。。环县公安局副局长、交警大队大队长张博超标准使用办公用房问题。2015年3月，张博办公用房面积超标，使用面积41㎡会议室办公，同时使用面积16㎡的备勤室1间。调查期间，张博按规定对其办公用房进行了整改。2016年8月，环县纪委给予张博党内严重警告处分。。正宁县山河镇违规同城接待及支付职工大灶补贴问题。2013年至2015年，正宁县山河镇存在同城接待、违规支出大灶补助费、违规支付其他单位工作人员补助等问题。2016年5月，正宁县纪委对先后担任镇长的李贵杰、罗俊峰，担任副镇长的樊旺宏、王海刚、雷颖博5人诫勉谈话。（记者吕宝林）,其他,0.9015292605753884,False,否
甘肃省,大漠农林生态产业股份公司开展荒漠化治理纪实,2017-12-20,金塔县地处我国第三大沙漠巴丹吉林沙漠边缘，1815.9万亩的荒漠面积占全县总面积的64.4%，荒漠化和土地沙化问题严重。“地上不长草，风吹石头跑，天上少飞鸟，黄沙四季扰”，是以前这里的真实写照。。如今，在这片漫漫黄沙上，大漠农林生态产业股份公司董事长胡兵带领他的团队，克服地域环境恶劣、没有灌溉条件、缺乏项目资金支撑等诸多困难，历时4年顶风冒雪、风餐露宿，在不毛之地上栽植的5400万棵梭梭树、9万亩的梭梭林带，形成了一道天然的绿色屏障，不仅有效地阻挡了风沙对9万亩农田、1000多户村庄的侵害，彻底结束了大敦门水库及干渠遭受风沙填埋的历史，而且缓解了沙尘对周边地区的影响。。党的十九大闭幕后，大漠农林生态产业股份公司又启动了二期10万亩梭梭的种植计划，计划投资30亿元，实施31万亩的荒漠化治理项目，用塞罕坝精神在西北荒漠戈壁续写绿色传奇。项目完成后，金塔县累计造林面积将增加76%，全县森林覆盖率提高1.24%，地处沙漠边缘的鼎新镇造林面积将扩大5倍以上。。胡兵的家乡金塔县鼎新镇双树村，离巴丹吉林沙漠只有百米之遥。冬春时节沙尘暴频发，给当地居民生产、生活带来严重危害。。2011年4月，在外创业成功的胡兵回家看望父母，正好遇上持续三天三夜的强沙尘暴。“沙尘暴袭来的时候，就像一堵黑墙一样压过来，白天变成了黑夜，伸手不见五指。人待在屋子里，感觉门板都被吹打得裂开了。”回忆起当时的情景，胡兵仍心有余悸。。沙尘暴停息了。胡兵一个人爬上沙坡，举目四望，村庄已面目全非，庄稼全部被掩埋，水渠也仅能看见轮廓。。怎么办？盖一座全封闭式房子，也许可以暂时解决自家的问题。要想保护整个村庄，只能让沙漠“变绿”，锁住风沙。。“不能让家园被风沙埋没，不能让父老乡亲背井离乡！要做一个有社会责任感的企业家，回报家乡，造福乡亲。”胡兵心意已决。。正当胡兵考虑如何保卫家园时，一个偶然的机会，他看到内蒙古、新疆大规模种植梭梭有效防止风沙侵害的消息，于是当即决定到内蒙古、新疆考察学习。。在沙漠里栽植梭梭，水是个大问题。由于没有引水设施，公司荒漠化治理项目启动伊始，只能靠几台车拉水浇灌刚刚定植的梭梭苗。。“每栽植一株梭梭，就要浇一桶水，一天上百亩的栽植计划，浇水需要万桶以上。一天下来，衣裤里灌满了沙子，每个人都灰头土脸的。”大漠农林生态产业股份公司员工赵景福说。。“我们用编织袋装着梭梭苗，在沙漠里一步一步，盯着行距、株距栽植，风吹沙打，手上全是一道道干裂的口子。”回忆起第一年栽植梭梭的情况，技术员王吉会感慨万千。挖开一个树坑，把梭梭苗栽进去，再立即填埋好，浇上水。否则大风一刮，梭梭苗会被连根拔起。风沙大的时候，大伙儿就跪在沙漠里一步一步挪着走、挪着栽。。领工徐鹏程介绍，春季是沙尘暴频发的季节，沙尘暴一起，黄沙遮天蔽日，沙子打在脸上，生疼生疼的。员工们的午饭都在工地上吃，碗里、水壶里都是沙子。。冬天寒风刺骨，夏日酷暑难耐，在这样恶劣的天气里，大漠农林人将一棵棵树苗植入沙漠。从一行到成千上万行，从一点绿到一片片绿，一期9万亩梭梭种植计划全部完成，成活率达91%。。“每当看到望不到尽头的梭梭林，我就有一种成就感。这是我们用汗水浇灌出来的。”赵景福说。。有耕耘就有收获。9万亩梭梭林的栽植，减少了风沙对农田的侵害，流经双树村、芨芨村的大墩门干渠再也不用年年清理流沙，沙化土地面积逐年加大的势头得到初步遏制。。双树村老支书王顺回忆起以前挖渠的事仍唏嘘不已：冬天，渠道全被风沙填埋，家家户户出劳力挖渠，年年反复，疲惫不堪。。“头些年种植棉花，开春一场黑风，刚露头的棉花苗就全死了。二次补种也错过了季节，收入低了三四成。”双树村农民王学生说。,政府领导到其他城市考察学习或访问,0.0,False,否
甘肃省,金铁集团以创新创造推动转型发展纪实,2016-08-04,7月30日，金铁集团在金昌紫金苑举办展销活动，新上市的精品铸铁锅具、工艺茶壶受到消费者青睐。。7月16日，在金昌市紫金苑景区举办的首届旅游商品评选展销活动上，一批精美的铸铁炒锅、工艺铁壶吸引了广大游客和市民的目光。这批产品在不久前召开的第22届“兰洽会”上，同样受到各方好评。。而这一切，是供给侧结构性改革“倒逼”出来的，也是金铁人审时度势调结构、转方式、求生存的明智抉择。面对产能过剩的窘境，作为一家钢铁行业“原字号”企业，金铁集团通过产品创新创造，以优质民用终端铸造产品为突破口，发展高端铸造产业，努力缩短与市场的差距，开始了从“原字号”到“新字号”的华丽转身。。作为有着近60年发展史的炼铁生产企业，长期以来，金铁集团主要产品一直以炼钢生铁为主。。近年来，经济下行压力持续加大、钢铁产能严重过剩，面对国家实施产业结构调整、淘汰落后产能的大环境，金铁集团在市场严冬中苦苦挣扎，2013年至今，累计实际亏损达2.25亿元，企业处在“生死存亡”的边缘。。为了度过“寒冬”，金铁集团通过挖潜增效、瘦身经营等应对措施，实行单炉生产，采矿、选矿间断运行。生铁产量从2013年的38万吨，降到2015年的9万吨。同时，探索谋划向现代生产服务业、农牧业等方向转型，组织富余员工进行花卉园艺技术培训，通过承揽相关企业维检运行和花卉种植任务，多路突破保生存。。维持小规模生产，减少流动资金需求，多渠道转岗分流，有效控制了亏损规模，保住了企业生存的“元气”，使企业得以在市场浪潮的反复冲击中勉强生存下来。。国有企业如何转型？应该选择什么样的路径？这道难题不仅摆在企业决策者面前，也成为金昌市委、市政府深深思考的问题。市委书记吴明明多次深入金铁集团调研，与干部职工座谈讨论，分析企业面临的形势和困境，帮助企业拓宽视野、理清思路，为企业生存发展谋划新的出路。。“在国家化解过剩产能的情况下，过去那种只满足于低产值、高消耗资源的发展方式已经走不通了，只有‘转型’才是前途最光明的路子。”。“思路有多宽，出路就有多广。必须进一步解放思想，勇于创新，以供给侧改革的理念为指导，寻求企业转型发展的突破口，大力开发有市场需求的高附加值产品，实现传统产业提质增效。”。“咱们生产的生铁具有杂质少、有毒成分少、延展性好等优点，可以用它制造铸铁锅、工艺铁壶、铸铁摆件、铸铁花器等延伸产品。”。经过对企业现状的分析，金铁集团提出了“两步走”转型发展新思路：将产品结构由大量生产炼钢生铁转向主要生产优质铸造生铁，建设西部优质铸造用生铁基地，实现第一次转型；延伸产业链，发展高端铸造产业，实现第二次转型。。“穷则变，变则通，通则久。”在企业面临生死攸关的关键节点，金铁集团找准了目标，廓清了方向，就此拉开了转型发展的序幕。。金铁集团的自有矿山东大山铁矿，因其硫、磷等有害元素含量低，生产的生铁品质优良，被行内誉为“人参铁”，是生产铸造产品的理想原料。就是这样一种优质铸铁，在钢铁寒潮冲击下，一斤生铁甚至卖不上白菜价。。“我们手里有别人没有的优质矿产资源，却端着金碗讨饭吃，优质的资源没有派上大用场。”金铁集团董事长王伟说。。为找准企业转型发展的突破口，金铁集团组织人员“走出去”，与铸造铁生产企业全面对标、与市场全面对接。。同样面对市场冲击，一个鲜明的对比引起了金铁集团管理层的思考：一方面是低端初级产品价格暴跌；另一方面是高端民用铸铁产品却市场需求旺盛，价格居高不下。隐藏在这个现象背后的事实是，市场的消费结构已经发生了变化，市场需要的是多样化、高品质、绿色健康等更高要求的终端产品。,其他,0.8430400405284062,True,是
甘肃省,白银市通报起违反中央八项规定精神典型问题,2016-08-17,会宁县公安局原副局长孙孝元违规为其子操办婚宴问题。2015年1月10日，孙孝元为其子操办婚宴，违规邀请管理和服务对象参加，并收受礼金3100元。孙孝元受到党内严重警告处分，责令退还违规收受的礼金。。会宁县郭城驿镇初级中学借考察学习之机公款旅游问题。2013年6月23日至26日，该校副校长曹振华带队，组织26名教师赴陕西宜川考察学习，期间借机旅游并违规报销费用780元。曹振华受到党内严重警告处分，校长张廷福受到党内警告处分，违规资金予以收缴。。会宁县党家岘乡希望小学违规报销差旅费问题。2013年6月23日至28日，该校组织5名教师赴河南西下池学习培训期间，违规用旅行社开具的发票报销差旅费用9960元。校长李兴乾受到警告处分，乡教育管理中心主任彭胜年被诫勉谈话。。会宁县社会福利院违规发放补助问题。2013年至2015年，该院违规给职工发放值班补助1.2161万元。原院长张仲良、县民政局副局长兼社会福利院院长张克勇被诫勉谈话，违规资金予以追缴。。景泰县正路镇双墩村村委会原主任苏永成违规操办“乔迁宴”问题。2016年3月8日，苏永成借乔迁新居之机，违规宴请宾客225人，收受礼金6.53万元。苏永成被罢免村委会主任职务，责令退还违规收受的礼金；正路镇党委书记李得水、镇纪委书记崔清智被约谈，村党支部书记苏保成被通报批评，村监委会主任华光伟受到党内警告处分。。景泰县经合局变相发放福利问题。2014年6月，县经合局以参加“兰洽会”为由，违规为本单位9名干部职工购买发放工作服，共计1.08万元，县经合局原局长王玉河负直接责任。合并其他违纪问题，王玉河受到留党察看一年、行政降级处分，违规资金予以追缴。。靖远县职业中等专业学校副校长何国强违规收取礼金问题。2011年至2013年，该校在办理学生保险时，何国强违规收受保险公司礼金1万元。何国强受到党内警告、行政记过处分，违规资金予以收缴。。靖远县北湾中学原校长雒林森违规发放福利、借培训之机旅游问题。2013年元旦，该校给全校教职工发放苹果85箱，共计4250元，由雒林森签字报销；2015年10月9日至11月6日，雒林森在上海师范大学参加培训期间，借机旅游并违规报销车费460元。雒林森受到警告处分，违规报销车费予以收缴；分管财务的原副校长刘玉忠被约谈。。白银区社会福利院院长狄文学违规驾驶公车问题。2013年8月至2016年3月，该院长期借用白银区紫灵山陵园管理处车辆，因单位没有配备专职司机，工作期间由狄文学本人驾驶。狄文学被诫勉谈话。。白银区强湾乡水管所所长周晟违规报销电话费问题。2013年12月至2016年3月，周晟违规报销电话费4600元。周晟被诫勉谈话，违规资金予以收缴。。白银区交通局违规发放补助问题。2014年2月8日，该局违规给19名干部职工发放春节值班补助8730.56元。局长达朝杰被诫勉谈话，违规资金予以追缴。。平川区地震局局长李寿民违规公款吃喝问题。2013年5月18日，李寿民参加省地震局举办的业务培训后，与司机岳永佳违规公款吃喝，共计消费955元。李寿民被诫勉谈话，违规资金予以收缴。（记者吕宝林）,其他,0.6113818812430366,False,否
甘肃省,白银市通报起违反中央八项规定精神典型问题,2016-05-19,分别是：景泰县农机监理站违规配备公车问题。2013年1月，景泰县农机监理站将单位后院租赁给私营企业使用，以租金抵购车款形式，按揭一辆别克车使用，并将车户挂在职工个人名下。县农机监理站站长张永智受到党内警告处分，违规按揭车辆由县财政局收回。。靖远县农牧局农经站站长王兴东违规报销餐费、购买土特产等问题。2013年7月9日至14日，王兴东等8人赴陕西阎良考察农村土地确权工作后，违规报销餐费1140元；2013年，靖远县农经站违规公款购买茶叶、大枣等土特产，共计2350元。王兴东受到党内警告处分，违规资金予以追缴。。靖远县工商联主席杨卫国违规安排公务接待等问题。2015年1月1日至7日，杨卫国在广州市参加现代渔业考察学习期间，违规安排学习考察人员用餐，共消费1715元；考察学习结束后，以车船费名义违规多报差旅费700元。杨卫国受到党内警告处分，违规资金予以追缴。。平川区宝积镇违规发放补助、纪念品问题。2013年春节期间，宝积镇为16名副科级以上干部发放值班补助共计16000元；同年3月，在召开镇人代会期间，违规向参会人员及乡干部发放纪念品共计花费23000元。镇党委原书记王生明、镇长何荣海受到党内警告处分，违规资金予以追缴。。靖远县工商联秘书长周逸飞违规报销餐费问题。2015年1月1日至7日，周逸飞到广州市参加现代渔业考察学习后，以接待费、车船费名义违规报销个人餐费1000元。周逸飞被诫勉谈话，违规资金予以追缴。。会宁县民政局违规公款购买香烟问题。2014年12月1日，会宁县民政局违规公款购买香烟，共计300元，用于公务接待。县社会组织党工委副书记兼县民政局出纳牛旺伟被通报批评，违规资金予以追缴。。白银区运管所违规发放补助问题。2013年，白银区运管所违规给职工发放加班补助7659元。对区运管所原所长魏兴祥进行诫勉谈话，违规资金予以追缴。（记者吕宝林）,其他,0.6671920137923708,False,否
甘肃省,深圳文博会甘肃代表团在当地考察学习,2016-05-14,参加第十二届深圳文博会的甘肃代表团，5月13日在深圳重点文化产业单位考察学习。深圳文博会的办会经验，为即将在我省举办的敦煌文博会提供了借鉴。。本次深圳文博会上，甘肃代表团除了参展外，另一个主要任务是借鉴连续成功举办了12年的深圳国际文博会的办会经验，为今年9月20日开幕的首届敦煌文博会做前期准备工作。设在深圳报业集团的深圳文化产业国际会展公司，是深圳文博会的主要承办单位，该公司成熟的运行机制、科学的组织框架以及市场化运作经验，都是全国各地学习的榜样。在听取了我省关于首届敦煌文博会的情况介绍后，该公司表示全力支持、配合好敦煌文博会。深圳文化产权交易所是一个国家级文化产权交易所，该交易所近年来推行的“文化＋金融”创新模式，为国内发展文化产业趟出一条新路子。在听取有关情况介绍后，我省代表团实地考察了该所文化产权交易大厅，详细了解了“双创”过程中的融资手段、交易项目等。。拥有180家入驻企业的F518创意园，是本届深圳文博会的分会场之一。甘肃代表团先后来到园区内的数字交易所、国际孵化器、创展中心，了解其运营模式，各方均表达了合作交流、共同发展的意愿。(记者李满福),其他,0.632277295488664,False,否
甘肃省,我省整治农村人居环境探索,2013-11-01,日前，记者来到甘谷县新兴镇，沿渭河北岸的头甲村、牛家村、雒家村等村落背依青山、绿树掩映。走近一看，却大煞风景：村道两边农家肥、沙石料随意堆放、有的还占据道路，玉米秸秆、柴草、烂菜叶到处乱扔，水渠里、沟道边、田间地头的废旧农膜、塑料袋随风乱飞。。随着我省工农业的快速发展，由工业“三废”造成的农业环境污染与农业生产过程中大量使用农药、化肥、农膜等农用化学物质造成的农业面源污染相互交织，农业和农村人居环境形势日益严峻。如何防治农业面源污染、整治农村环境问题、建设生态文明，还原天蓝水碧、田良土沃的美丽乡村，成为当下农民新的期盼。。走进安定区鲁家沟镇南川村，水泥硬化的村道干净整洁，农家小院门前都设有蓝色“有机垃圾”筒和灰色“无机垃圾”筒，村头的物业管理站，身着蓝色大褂的保洁员正将塑料地膜、啤酒瓶、废纸盒、废旧电池等垃圾分类整理。。在村舍周围的田间地头，还设有秸秆堆放垃圾仓，采用复合菌堆沤法，对大田里洋芋烂秧、玉米秸秆、蔬菜烂叶等进行发酵处理，作为有机肥料还田。村上还修建了农村生活污水处理系统，将农户各类污水集中引至生活污水池进行净化处理。。该镇镇长高强介绍，村上有两户人家曾为随便倒垃圾闹得不愉快，他们把烂菜叶、果皮、纸屑倒在共用的排水沟里，结果臭气熏天，都不去清扫。自从实施乡村清洁工程后，配置了垃圾箱，不愁垃圾没处倒了，门前屋后、村道变得干净了，两户村民关系也合好了。大家慢慢养成了有垃圾就丢到垃圾箱的习惯。。南川村是我省实施乡村清洁工程的示范村。省农牧厅、省农业生态环境保护管理站自2006年开始，从农业部争取资金，以村为建设单元，累计在200个村实施乡村清洁工程。通过建设农村废弃物处理利用设施，建立农村物业化服务管理机制，把农作物秸秆、畜禽粪便、生活垃圾和污水变为农业生产的肥源，实现了家园清洁、水源清洁、田间清洁。。这项“民心工程”深受基层干部和农民群众欢迎。高台县南化镇南岔村村民于金凤说：“村里空气清新了，蚊子苍蝇少了，垃圾由村上的保洁员统一收集、拉运，改变了过去的脏、乱、差。”。“乡村清洁工程由农业部牵头实施，目前每年给我省下拨100万元，省财政配套100万元，每年实施20个村，1个村10万元，配套相应清洁设施、田间尾菜处理设施、排污设施等，钱虽少，但起到了‘四两拨千斤’的效果。”省农业生态环保站站长张玉辉介绍，由于长期以来在农村环保基础设施建设方面投入少，许多农村成为污染治理的盲区和死角，加之基层环保机构不健全，大部分农村人居环境建设整体与城市差距大，需要大力整治农村环境，让农民得到实惠。。今年秋收已近尾声，在榆中县三角城乡石头沟村，这个大面积种植全膜双垄沟播玉米的村子，没有出现以往残破农膜吹得四处“游荡”的现象，村庄干净而整洁。。我省旱作农业发展走在全国前列。据统计，2012年全省地膜覆盖面积2200万亩，地膜使用量达13万吨，加之蔬菜大棚、果树套地膜的发展和各种现代日用品在农村的增多，地膜带来增产增收的同时，带来的“白色污染”日益严重。。为治理废旧农膜污染问题，省政府办公厅于2009年批转印发了《省农牧厅关于加强废旧农膜回收利用推进农业面源污染治理工作的意见》。根据“政府扶持、市场运作、循环利用”的原则，省财政从2011年至2013年累计投入资金5000万元，重点扶持建设各类农田残膜回收加工企业265家，建立乡、村回收站点2000个，形成了市场化的废旧农膜回收利用机制。。“不见炊烟起，但闻饭菜香；点灯不用电，做饭不烧柴”。这是我省广大农户使用沼气带来的新气象。,其他,0.9786646115295828,False,否
甘肃省,全省纪检监察机关查办案件工作综述,2014-01-21,刚刚过去的2013年，全省各级纪检监察机关坚决贯彻落实习近平总书记关于“老虎”、“苍蝇”一起打的要求，把惩治腐败工作摆在更加重要的位置，抓住容易滋生腐败的重点领域和关键环节，坚持有案必查、有腐必惩，严肃查处了一批违纪违法案件，形成了有力震慑，赢得了群众的信任和支持。。在不久前召开的全省领导干部警示教育大会上，通报了2013年纪检监察机关查办案件情况，深入剖析了任增禄、史勇及兰州市交通系统的腐败案件。。2013年，全省各级纪检监察机关根据反腐败形势任务发展变化，适时调整办案思路，紧盯重点领域和关键环节，“老虎”“苍蝇”一起打，一批群众关心社会关注的案件得到了及时查处。。紧盯党员领导干部违纪违法案件。各级纪检监察机关立案查办涉及县处级以上党员领导干部的案件72件。省纪委严肃查办了酒泉市政协原主席杨林，酒泉市城建局原局长史勇，省检察院反渎职侵权局正处级检察员郭仲德，省地税局稽查局副局长韩哲等人违纪违法案件。。紧盯重点领域和部门违纪违法案件。加大了对工程建设领域、司法机关、交通运输、教育、文化卫生、农林水牧、环保等部门违纪案件的查处力度。张掖市纪委查处了张掖市教育局违规组织公款旅游、私设“小金库”等问题，金昌市纪委查处了金昌市交通局原局长王多仁严重违纪违法问题。。紧盯违反中央八项规定精神案件。全年共查处违反中央和省委规定精神的问题167起，处理314人。省纪委先后4次通报曝光44起典型问题，14个市州共通报曝光90起典型问题。。紧盯发生在群众身边的违纪违法案件。过去一年，全省纪检监察机关积极回应群众关切，严肃查处了征地拆迁、集体“三资”、村务管理、惠农补贴、城乡低保资金发放等与群众利益密切相关的案件，共查处乡镇、街道干部违纪违法案件363件，处分573人，让群众感受到了反腐败带来的实实在在的效果。。同时，切实加强对办案制度、程序执行的监督检查，确保办案规范、安全。在全省开展了案件线索梳理排查工作，对14个市州、26个县市区的办案工作进行了专项督查，对发现的问题及时向各市州党委、纪委主要领导反馈并督促整改，对30条重点线索进行了挂牌督办。。省纪委按照中央纪委“转职能、转方式、转作风”要求，进一步强化纪委监督责任，突出主业，聚焦全省党风廉政建设和反腐败工作，集中了精神，增强了办案力量；同时加强统筹协调，形成合力，查办案件工作保持了强劲势头。。1月17日，省委常委会研究决定，在2013年精减100个省纪委监察厅牵头和参加的议事协调机构基础上，再精减11个，至此省纪委监察厅牵头和参与的议事协调机构由原来的129个精减到18个，共精减111个，占到了总数的86%。同时，省纪委监察厅优化调整内设机构，机构设置进一步向办案工作倾斜，新设立了第五纪检监察室，为案件检查和执纪监督厅室配备干部91名，占机关干部总数的47%。。全省各级纪检监察机关在“三转”过程中，也进一步突出查办案件职能，在领导力量、工作安排、人员配备、后勤保障等方面向办案工作倾斜，基层查办案件工作明显增强。2013年，兰州、武威、天水、定西、张掖等市立查案件都在100件以上，陇南、酒泉、金昌等市立查案件同比增长均在50%以上。。正是基于此，在案件查办过程中，省纪委对信访举报、群众反映和监督检查、专项治理工作中发现的苗头性、倾向性问题及时进行提醒谈话，对尚不构成违纪的一般性问题及时进行诫勉谈话和函询，做到了警示在前，防微杜渐。2013年，全省纪检监察机关函询389人，诫勉谈话1285人。同时，坚持查实问题、惩治腐败是成绩，澄清是非、教育保护干部也是成绩的办案理念，坚持快查快办，及时为受到不实举报的党员干部澄清了是非。,其他,0.9617098737432336,False,否
甘肃省,联村联户为民富民行动新闻发布会,2013-01-27,实施“3341”项目工程 推动转型跨越——今年全省经济工作解析_研究评论_甘肃省政府门户。党的十八大强调，必须坚持发展是硬道理的战略思路，决不能有丝毫动摇。而甘肃最大的矛盾是发展不足。。如何抓发展？在甘肃，抓项目，就是抓发展。2012年4月，省第十二次党代会提出了大力实施项目带动行动。2012年10月，省委、省政府又审时度势，在全省部署实施“3341”项目工程，为全省项目建设指明了方向。刚刚结束的省委十二届四次全委扩大会议，在部署2013年经济工作时再一次明确指出，要紧紧围绕实施“3341”项目工程这个总抓手，着力培育新的经济增长点。。强力实施“3341”项目工程，是省委、省政府站在全局和战略的高度，审时度势做出的科学决策，也是推动甘肃经济社会转型跨越、赶超进位发展的总动员令。。作为资金、技术、人才等各种生产要素的聚合体，项目既是经济发展的平台和载体，更是引擎和动力。有项目，就有投资，有税源，有就业……一切发展都必须以项目为起点，靠项目去推动，靠项目来实现。大项目、大发展，小项目、小发展，没有项目，发展将成为无本之木、无源之水，科学发展更是无从谈起。。作为一个欠发达省份，甘肃最大的矛盾是发展不足，突出表现在项目建设中项目不够多、层次不够高、规模不够大、结构不够优、产业链不够长、布局不合理。实现甘肃转型跨越发展，项目是至关重要的着力抓手。今天的项目数量就是明天的经济总量，今天的投资结构就是明天的产业结构。未来几年甚至几十年，我省经济发展如何，后劲如何，关键在于我们今天如何抓项目、抓固定资产投资。。“3341”项目工程，即打造以兰州新区开发建设和循环经济示范区建设为重点的经济战略平台、以华夏文明保护传承和创新发展示范区建设为重点的文化战略平台、以国家生态屏障建设保护与补偿试验区为重点的生态战略平台；深入实施交通提升、信息畅通和城镇化建设，重点建设一批事关当前和长远发展的基础设施项目；培育壮大战略新兴产业、特色优势产业、富民多元产业、区域首位产业，作为全省各地因地制宜、齐头并进、共同发力的产业方向和工作格局，确保到2016年全省固定资产投资规模超过1万亿元，以强劲的投资支撑转型跨越发展。。“3341”项目工程，不仅重视抓宏观战略的谋划、平台抓手的打造，也重视抓具体工作的推进和落实，充分体现了省委、省政府抓发展的全球思维和战略视野。同时，又与省第十二次党代会的决策部署一脉相承，涵盖了工业、农业、服务业和基础设施、民生建设等方方面面内容的系统工程，成为实施项目带动行动的具体内容和抓手，延伸和拓展了全省“十二五”规划确定的重大战略工程，为当前和今后一个时期全省项目建设指明了方向。。事实证明，“3341”项目工程的强力实施，给陇原大地带来了新的活力。全省上下抢抓国家实施新一轮西部大开发和扶贫攻坚的重大机遇，争取和实施了一大批事关长远发展的重大项目。截至去年11月末，全省共争取国家投资228.2亿元，比前年全年增长27%；承接产业转移签约亿元以上项目606个，总投资达6281.6亿元；新开工500万元以上项目9764个，其中亿元以上的项目1007个，同比分别增加2472个和547个。项目投资对全省经济发展的贡献率达到78%，特别是工业投资增长46.4%，高出预期目标23个百分点。。2013年是全面深入贯彻落实党的十八大精神的开局之年，是推动落实省第十二次党代会精神、为全面建成小康社会奠定坚实基础的重要一年，也是深入实施“3341”项目工程的关键之年。。强力推进项目建设，离不开科学谋划。项目建设有其自身的规律、条件和科学的程序，凡是项目建设搞得比较好的地区，必定是谋划工作做得好。,其他,0.9187184569285446,False,否
甘肃省,实施项目工程推动转型跨越今年全省经济工作解析,2013-01-04,为进一步加强兰州新区高层次人才引进和服务工作，打造“人才高地”，推动兰州新区建设中国高新技术产业基地、创新基地、成果转化基地，根据《甘肃省中长期人才发展规划（2010—2020年）》（甘发〔2010〕17号）和《甘肃省人民政府关于支持兰州新区开发建设政策的意见》（甘政发〔2012〕135号），结合兰州新区人才现状和需求实际，特提出如下支持政策意见。。（一）引进的高层次人才主要是指以兰州新区范围内企事业单位为主体（包括各类产业园区、非公有制经济组织和其他社会组织），经兰州新区管委会认定，从兰州新区以外引进的兰州新区经济社会发展急需紧缺、与兰州新区签订3年以上工作合同的副高级及其以上专业技术职称的各类创业创新、经营管理和实用技术人才。。（三）为引进高层次人才提供专家公寓或发放住房补贴。与用人单位签订5年以下劳动（聘用）合同的高层次人才可享受200平方米的专家公寓。与用人单位签订5年及以上劳动（聘用）合同的高层次人才，可每人一次性给予200万元的安家补助。。（四）根据兰州新区总体规划和社会需求，引入优质教育资源，建设适应兰州新区发展和服务高层次人才的各类中小学、幼儿园，解决高层次人才子女入学问题。高层次人才子女需在兰州新区入学的，由兰州新区教育主管部门协调安排优先入学，不得收取教育收费政策规定以外的费用。。（五）按照双向选择原则，解决高层次人才配偶就业问题。高层次人才配偶愿意在兰州新区就业的，由高层次人才用人单位积极帮助安排工作；用人单位确有困难的，兰州新区组织人社部门可推荐到公益性岗位就业。。（六）在兰州新区设立的国家级工程技术研究中心和重点实验室，经兰州新区管委会审核批准，一次性给予500万元奖励；设立的省级企业工程技术研究中心，一次性给予200万元奖励；对新建的院士专家工作站，一次性给予100万元资金支持，并按进站院士人数人均每年给予5万元工作经费；对重点产业领域的骨干企业组建博士后科研工作站、博士后创新实践基地，一次性给予10万元资金支持，并按进站博士后科研人员人数人均每年给予5万元工作经费。。（七）对由高层次人才主持的兰州新区重点产业科技创新项目，经兰州新区管委会审核确认，可给予300万元科研启动经费；对由高层次人才主持并获得国家及国家部委、甘肃省科技计划资助的重大科研项目，兰州新区按国家、省上规定比例配套资助。在项目研发过程中需使用国内公共技术服务平台大型仪器设备的，给予实际使用费用30%的资助。。（八）对高层次人才科研成果转化为社会产品且属于全省各级政府采购目录的产品，在同质同价的基础上优先采购使用。。（九）兰州新区要设立科技人才创业园，搭建微型企业、中小企业孵化平台，为高层次人才到兰州新区创业提供办公场所和政策咨询、风险评估、人员培训、技术研发、投融资等相关配套服务，大力发展科技金融、科技保险，降低创业风险，提高创业成功率。。（十）兰州新区要设立科技创新创业政府引导性基金，支持各类高层次人才携带科技成果和高新技术项目来兰州新区创业发展。对高层次人才创办高新技术企业所发生的固定资产投资贷款利息，经兰州新区管委会审核批准，可按贷款基准利率计算的贷款年利息的25%给予补贴，同一企业累计贴息总额不超过100万元。。（十一）用人单位要每年资助高层次人才参加国内外专业技术培训，并给予培训费用60%的资助；鼓励企业开展内部培训，积极为高层次人才参加短期培训、专题讲座、考察学习、远程教育、进修深造等创造条件。。（十二）高层次人才在一年内可向用人单位申请享受1次研修。研修地在国外的，用人单位按每人1万元给予补贴；研修地在国内的，用人单位按每人5000元给予补贴。,其他,0.9525541319259364,False,否
甘肃省,甘肃省人民政府关于支持兰州新区引进高层次人才政策的意见,2014-03-24,广河是临夏州的“东大门”，东跨洮河至兰州70公里，西距临夏州府临夏市40公里，康临高速纵贯全境，交通条件便利，区位优势明显。广河历史悠久，文化积淀深厚，民族特色鲜明，穆斯林风情浓郁，素有“齐家文化摇篮”之美称、“穆斯林风情大观园”的美誉。广河背靠藏区，面向兰州，历来是中国西部的一个重要商埠，“丝绸之路”的一个重要驿站，“茶马互市”的一个重要市场。三甲集镇被誉为“西北皮毛集散第一集”。。截至今年8月底，全县生产总值增长19%，全社会固定资产投资增长52%，农民人均现金收入增长19%，大口径财政收入增长50%。实施500万元以上项目66项，总投资达70.3亿元，其中亿元以上的项目有18个，是近几年来项目总量最大，投入资金最多的一年。。着力培育壮大特色产业，自我发展能力不断提升。着力打造以皮革产业为主的洮河经济带，做大做强特色产业。洮河经济带区域规划面积9.38平方公里。全面实施临达二级公路和洮河护岸工程，积极储备建设用地，狠抓招商引资，成功引进并开工实施总投资达30.3亿元的际华3512、宏良三期、白马浪电站、清源皮业、华洋毛纺、伊尊民族用品、新民滩水电站改扩建、雪松清真食品、太行毛纺等9个生产型项目。目前，洮河经济带已累计完成投资3.32亿元，其中临达公路等基础设施投资1.33亿元，9个生产型企业完成投资1.99亿元，已储备建设用地2000亩。这些项目建成投产后，可实现产值69.5亿元，增加税收3.62亿元，解决就业7500多人，全县生产总值将由现在的10亿元增加到50亿元以上，大口径财政收入由1亿元增加到5亿元以上。。全力打造富民产业，群众生活水平普遍提高。全力打造以旱作农业、草食畜牧业和转移就业为主的富民产业，真正做到富民产业铺天盖地，富民和强县同步推进。一是大力发展旱作农业。今年，全县共推广种植全膜双垄沟播玉米35.5万亩，实现适宜种植区“全覆盖”。广河县被农业部评为“全国粮食生产先进县”，列为全国50个县之一、全省唯一的高产创建整建制推进示范县，县委书记马宗明被评为全国粮食生产先进工作者；今年6月，全国旱作农业现场会对广河县的工作进行了观摩。2011年，旱作农业总增效益2.3亿元，农民人均收入1000元。二是大力发展草食畜牧业。紧紧围绕“种足、养多、增收、普惠”的目标，大力发展联户养殖，不断扩大养殖规模，今年全县新建联户养殖小区65处，累计达到169处，牛羊存栏81万只羊单位，全县畜牧业创收2.3亿元，人均牧业收入1200元。三是扎实推进双联行动。以“联村联户共致富，养牛养羊搞劳务”为抓手，深入推进双联行动，组织开展基础母羊捐助活动，省州县联系干部共捐助基础母羊3500多只，总价值达280万元，其中宗教界捐助基础母羊150多只，非在职政协委员捐助140多只。。加强社会管理创新，社会和谐稳定发展。认真贯彻落实党的民族宗教政策，依法管理宗教事务。加强教育培训，拿出180多万元，组织600多名宗教教职人员外出考察学习。深入开展“三比一促”活动，引导宗教界人士参与社会公益事业，投身联村联户、为民富民行动。近3年，宗教界人士累计捐款230多万元，帮扶贫困户2000多户，救助贫困学生1500多名；捐助基础母羊150多只，栽植公益林370多亩。,其他,0.5441251141726661,False,否
甘肃省,广河全力推进转型跨越发展,2012-11-05,今年6月15日，环县木钵镇二合塬村石嘴坡桥建成。没想到，二合塬村的村民联名上书，在3张纸上，154个村民签名前面，只写着一个要求：把石嘴坡桥改名为继龙桥。。继龙桥，是一座漫水桥，没有栏杆，走29步就从这头到了那头。建成这座桥，是黄继龙一生的最大愿望，但是黄继龙在开工5天后就离开了人世，没有亲眼见到这座桥的建成。。二合塬村处于万山之中，道路又陡又窄。一辆摩托车载着两个人，在有些路段是冲不上去的。要一个人驾驶，加大油门猛冲才能上去。有些路段，一旁是深沟，一旁是崖壁，行进中提心吊胆。。而这样的路，已经是黄继龙带着村民前后修了6次的成果。原来是羊肠小道。第一次修完，可以推着自行车走了。第二次修完，大部分路段可以骑着自行车走了。第三次修完，可以拉着架子车走了。第四次修完，可以骑着摩托车行驶。第五次修完，可以开着农用三轮车行驶。第六次修完，主要道路可以通行卡车了。。现任的木钵镇党委书记张东上任时，前任书记交接中叮嘱了一件事，欠二合塬村黄继龙的7800元钱还没还上。。原来，10年前，二合塬村要修路，镇上没有钱，贫困的村民也拿不出钱。黄继龙向本村在外工作的8个人募捐修路，每人出2000元，凑了1.6万元。在修路过程中，钱不够了。黄继龙就以个人名义贷了7800元，垫着修了路。。银行催账，黄继龙瞒着妻子把家里的3000元拿走，又跟在银川做生意的二哥要了钱，把7800元还上了。。我说修路是公家的事，你用私人的钱干啥。修路时，连着13天，我在自己家里为4个机手天天做3顿饭，还要到山里干活，结果你还把我苦下的钱修了路了。。他说反正已经给人家了，然后就一声不吭。我气得哭了一场。10年前的3000元多值钱啊，那是我家的全部家当。”。2008年修路时，道路要经过村民王彦平家门前，占用王彦平家的半亩果园和1亩多土地。。“我正在地里干活，黄支书找来说修路要占我的地。我一听就生气了，骂了他几句，然后就不理他。黄支书这个人从来不骂人，生气了只会说‘胡说、胡扯’，然后就不吱声了。。黄支书说，别的村上大车小车都能走，咱们村连个架子车都不能拉，只能靠人背驴驮。村上修小学时，你王彦平背砖，把脊背都压破了，如果路好了，车就可以拉砖了，也能拉煤了。。我想，黄支书说的有道理，而且黄支书的家在山那边，修的路还占了黄支书的3亩地。于是，我就答应了。。现在我儿子买了卡车跑运输了，能直接开到家门口。想起来，人家给咱办了大好事，咱还骂人家，真是对不起黄支书啊。”。王彦平说：“虽然黄支书这个人从不撒谎，说啥就是啥，弄啥事也不绕弯子，但是我想着修路的事上还是把黄支书得罪了。没想到去年我住院十几天，黄支书带人把我的玉米地覆了膜，我一点儿都不知道。加上今年雨水好，结果往年一亩地能收500斤玉米，今年一亩地收了1000斤。”。今年玉米收成好了，村民们高兴了。可是去年在覆膜时，祖祖辈辈靠天吃饭的村民并不认可。。“去年农历九月初十，黄支书带着人要给我的玉米地里覆膜。祖祖辈辈没见过这事儿，土里刨食都不够，还要土上盖一层塑料，所以我不同意。。黄支书说那就把我的侄子王有有的地覆膜。王有有是个孤儿，我帮着种王有有的地，黄支书帮着王有有上学。我也不同意给王有有的地覆膜。。我被黄支书劝烦了，就说那等到把粪上到地里，明年春天种玉米时再覆膜。黄支书说只有当时覆膜才有用处，迟了就不行了。后来王有有的地里覆了膜，我的地里也覆了膜。。没想到覆膜后，加上雨水也好，今年收成整整能多一倍，这得多挣多少钱啊。实在对不起黄支书，人家为了娃、为了我，结果我还说了人家。”。黄继龙的农用三轮车被村民叫作“免费服务专列”。一听到“突突突”的三轮车声，村民们都知道是黄支书来了。,其他,0.9916813425864448,False,否
甘肃省,舍身为民的好支书黄继龙,2012-12-04,我省着力打造生产性服务业产业体系，以重点领域为突破口，着力完善与产业发展配套的服务体系和平台建设，不断提升自主创新能力，促进生产性服务业与现代制造业双轮驱动、融合发展，今年以来全省生产性服务业继续保持了良好的发展态势。。政策支持持续加大，发展环境不断改善。我省在西部省区率先出台了《关于加快生产性服务业发展的意见》，成立了全省加快发展生产性服务业工作领导小组，制定了今后一个时期的发展目标和任务，并从政策引导、行业准入、项目建设、用地保障等多方面给予大力支持。省直有关部门、单位及时制定配套政策和实施办法，支持生产性服务业发展。省工信委把发展生产性服务业列入各项工作重中之重，作为工业转型跨越的重要抓手，制定加快生产性服务业发展工作方案，先后派出多人赴上海、湖南、浙江等生产性服务业发达地区考察学习，近日又对全省首批生产性服务业示范市、县区和企业进行授牌。省统计局及时印发了生产性服务业统计分类标准。。发展速度明显加快，总量规模逐年扩大。连续6年全省生产性服务业平均增速超过13%，其中租赁批发商务服务业年均增长17.7%。现代物流、信息传输与计算机服务及软件业、科研与技术服务等产业已成为生产性服务业快速增长的重要支撑。业态种类不断丰富，三方物流、仓单质押、信息应用软件租用、科技孵化器、专业技术平台、会展策划、投资咨询、商务外包、小额贷款和担保等新型业态脱颖而出。技术手段日趋增强，GPS、条码、射频等先进技术在物流运输中得到广泛应用；大容量、功能多样的信息服务网络初步形成；以互联网、移动通信技术为支撑，商务服务业电子化网络化进程加快。同时市场主体日益多元化，一批事业单位进入市场，非公经济崛起，多种经济成分相互整合、相互促进，带动了物流、科技、信息、商务和金融生产性服务业的发展。。发展布局日趋合理，产业结构逐步优化。兰州凭借其区位优势和经济实力，成为全省现代物流业、科技服务业、金融服务业、商务服务业发展中心。河西和陇东依靠其资源禀赋，形成对新能源基地生产性服务业、农业服务业的充足需求。天水装备制造服务业渐趋规模。目前，生产性服务业在我省已形成以兰州为核心，河西、陇东为两大辐射圈的布局。与此同时，围绕打造现代物流服务平台，全省积极构建城际物流配送、西北区域物流集运、国际联运通道体系，初步形成以兰州为中心，覆盖全省、辐射西北地区的全省现代物流服务网络。（甘肃日报）。省级部门 省政府组成部门 省发展改革委 省教育厅 省科技厅 省工信厅 省民委 省公安厅 省民政厅 省司法厅 省财政厅 省人社厅 省自然资源厅 省生态环境厅 省住建厅 省交通运输厅 省水利厅 省农业农村厅 省商务厅 省文旅厅 省卫生健康委 省退役军人厅 省应急厅 省审计厅 省政府外事办 直属特设机构 省政府国资委 省直属机构 省林草局 省市场监管局 省信访局 省广电局 省体育局 省统计局 省国动办 省政府研究室 省机关事务局 省医保局 部门管理机构 省粮食储备局 省营商环境建设局 省能源局 省监狱管理局 省文物局 省疾控局 省中医药管理局 省药监局 其他网站 信用中国（甘肃） 甘肃政府采购网,政府领导到其他城市考察学习或访问,0.8237347937822359,False,否
甘肃省,生产性服务业助推我省经济转型跨越,2012-11-12,用生命践行“双联”行动——追记环县木钵镇二合塬村党支部书记黄继龙_研究评论_甘肃省政府门户。2012年5月16日，庆阳市环县木钵镇二合塬村党支部书记黄继龙开着自己的三轮车给贫困户送完最后一袋化肥，返程途中，因机械故障，翻车坠入谷底，不幸离开了人世。。黄继龙今年48岁，担任村组干部已有25年。今年年初，省委决定在全省开展联村联户为民富民行动，这给地处毛乌素沙漠边缘的革命老区环县带来了千载难逢的发展机遇，也使二合塬村村支书黄继龙兴奋不已。他知道，二合塬村迎来了致富奔小康的好时机。。二合塬村虽然距木钵镇只有8公里，但自然条件却十分恶劣，山大沟深，道路难行。因为交通不畅，农产品不能及时运出销售，群众生病也不能及时医治，雨季，群众出行、学生上学就更难了。二合塬村是名符其实的贫困村。。“双联”行动还未正式拉开序幕，黄继龙就打听到，帮扶他们村的单位是庆阳市科技局。黄继龙高兴地对村民们说：“我们村子发展落后，主要原因就是缺技术。只要技术跟上去，咱们致富的路就不会太漫长。”黄继龙提前挨家挨户地询问村民的意愿，看谁想搞种植、谁想搞养殖、谁想外出务工……这些，他都一一进行了登记。。全省“双联”行动犹如一场和煦的春风，暖暖地吹进了陇原大地的千家万户。平时就很忙碌的黄继龙更忙了。因为有了先前的准备，他对村民的想法和需求了如指掌。他及时协调邀请市科技局的专家来村子里开展讲座，对农民进行技术培训和指导。针对村情，他和帮扶单位以及村委会班子成员，通过深入调查研究，提出了“基础设施强村，养殖、林果、劳务三大产业富民”的思路。在短短一个月时间里，他在市科技局的大力支持和帮助下，为村上争取到了3座过水桥项目，解决了附近5村6000多名群众的行路难题。。经过认真研究，黄继龙发现，二合塬村民小组栽植的核桃树长势很好，效益也相当不错。于是，他决定在全村推广发展核桃产业。“人均2亩核桃树，户均收入就可达到1万元。”。经多次与庆阳市科技局的专家接触讨论，黄继龙发现，发展绒山羊养殖是促进村民致富增收的又一出路。二合塬村山大沟深，地域广阔，适合种植紫花苜蓿，完全具备养殖绒山羊条件。于是，黄继龙决定发起成立一个村养殖专业合作社。他的这一想法，得到了庆阳市科技局的认同，局里决定为村里的75户特困户每户投羊一只。黄继龙把村上的养殖能手、群众代表请到一起，动员群众把投放的75只羊采取股份制的形式，投入到合作社，进行规模化养殖。接着，他又忙着为贫困户争取妇女小额贷款，不断扩大养殖规模，增加群众收入和集体收入。。“双联”行动让村里的贫困户受益了，那些救助户又成了黄继龙的牵心事。5月初，他利用到西峰考察学习的机会，专门来到庆阳市科技局，请求局里帮帮他们村没有被确定为帮扶对象的14个救助户。科技局当即决定，为每个救助户帮扶两袋化肥。5月15日一大早，庆阳市科技局帮联干部与黄继龙一起，从镇上买好化肥送到村部。考虑到这些贫困户居住分散，有的家庭既没有机动车，也没有牲畜，黄继龙主动提出为他们免费运送。这一天，黄继龙和科技局干部一起忙了一整天，先后给12户送完化肥。天色已晚，只剩下李志龙和吴秉仁两家的化肥没有送了，黄继龙对科技局干部说：“这两家的路不好走，明天我还要给他们送苜蓿籽和贷款申请表，顺便把化肥也捎上。”。5月16日清晨，黄继龙开着三轮车、带着贷款申请表、拉着化肥到了这两户人家。填完贷款申请表，时间已到中午，两户人家争相留他吃饭，黄继龙都婉言谢绝了。就在返回的途中，三轮车刹车突然失灵，黄继龙和三轮车一起坠入了山谷……,其他,0.9796140415699776,False,否
甘肃省,用生命践行双联行动追记环县木钵镇二合塬村党支部书记黄继龙,2012-08-23,财政是各级党委、政府履行职能的物质基础、体制保障、政策工具和监管手段。随着我省经济较快发展和中央财政转移支付逐年增加，财政在促进经济增长方式转变、保障和改善民生需求、支持各类重点支出、积极构建和谐社会、推进体制机制改革等方面的职能作用日趋明显。今年是“十二五”规划开局之年，开展“财政支出管理年”活动，有利于强化公共财政科学化、精细化管理，有利于确保财政资金承载的各项政策措施落实到位，有利于提高财政资金的使用效益，有利于提高财政支出的均衡性，有利于保障全省经济社会实现跨越式发展。全省各地、各部门要认真开展“财政支出管理年”活动，加强组织领导、丰富活动内容、创新制度办法、细化工作措施、推进科学管理，确保活动取得预期效果。。“十二五”期间，我省财政支出规模将逐年增大，提高财政支出的均衡性和时效性，更有效地发挥财政资金使用效益，支持和保障全省经济社会实现跨越式发展，已成为全省财政预算管理十分迫切而又非常现实的重要任务。为在全省范围内开展“财政支出管理年”活动，激励各地、各部门抓好财政基础管理，重视财政基层工作，全面提升全省各级财政、财务部门对财政支出和部门预算支出的科学化、精细化、法制化、规范化管理水平，特制定本方案。。坚持以科学发展观为统领，以“依法理财、理财为公”为指导，以提升财政资金使用效益和财政财务干部科学理财水平为目标，以提高财政支出管理时效性为主题，进一步树立“分配与管理齐抓、投入与绩效并重”的科学理念，努力在部门预算编制、国库集中支付、政府采购管理、绩效预算评价、财政财务决算、财政监督检查等领域改革创新，不断完善制度办法，强化预算执行主体责任地位，建立起科学规范、快捷有序、控制有力的财政支出管理长效机制，促进我省经济社会跨越式发展。。开展“财政支出管理年”活动，要进一步通过“重双基、抓两化”，确保提升财政支出的均衡性和财政资金使用的时效性，切实发挥财政部门在配置资源、政策支持、资金保障、财务监管方面的职能作用，为全省各级党委、政府正确施政、公共管理、宏观调控、维护社会稳定、促进各项事业科学发展最大限度地提供财力保障，努力发挥财政政策和资金资源在年度预算执行中促进经济社会发展的正向效应。。财政支出管理涉及全省经济社会发展的各个方面。2011年，全省各级财政、财务部门要将开展“财政支出管理年”活动作为一项重要任务予以落实，并在以下方面实现突破。。全省各级财政、财务部门要依据《中华人民共和国预算法》和现行财政财务管理规章，对现有的各类制度进行清理，尤其要结合当前财政财务管理的新要求、新情况，创新科学合理的财政支出和部门预算支出管理规章，真正做到用科学的制度管钱、按规范的制度办事。。1．创新部门预算基本支出管理制度。完善人员经费定员定额管理办法；建立适应预算部门高效开展工作的科学分层公用经费定额标准和管理办法；完善各级财政统发工资制度，扩大工资直接支付范围；建立健全财政拨款、全额供给、差额补助、定额补助预算单位的各类基本支出经费管理办法。。2．创新部门预算项目支出管理制度。按照“统筹兼顾、保障重点、公平合理”的原则，建立分类分时段财政保障滚动预算项目库；建立对预算保障项目库科学论证评价制度；建立预算项目库科学论证的财政财务评审专家库，提高财政预算项目库的科学性和可行性。。3．创新部门预算编制方法。顺应各项事业发展需要，借助信息化平台和技术手段，建立科学规范、灵活实际的部门预算编制方法体系，切实改革“基数+增长”的预算编制方法，全面实行零基预算，促使年初部门预算细化率达到80％以上。,其他,0.9713098024885825,False,否
