content,来访城市,受访城市,来访人姓名,来访人职位,接访人姓名,接访人职位,访问年份,访问时间,访问天数,新闻摘要,是否属于数字政府议题,政策议题
10月15日至16日，省委常委、常务副省长罗文率应急厅、省林草局、凉山州等相关负责同志赴吉林省学习考察森林草原防灭火工作。考察组在长春市召开座谈会，与吉林省有关部门就森林草原防灭火体制机制、队伍建设、预案管理、火源管控、隔离带建设、群防群控、经费保障等进行深入交流。。罗文一行先后前往延边州珲春市森林消防大队、林业局、金山哨所、马川子乡和延吉市帽儿山国家森林公园，实地考察森林草原防灭火监测预警系统建设、标准化营房建设、特种车辆和作战装备配备、防火宣传教育活动开展等，观看了森林灭火实战演练。。要系统梳理认真学习借鉴吉林省相关做法，对照检查我们工作中的短板弱项，提出行之有效的措施办法，。把学习考察成果转化为专项整治的具体行动和实际成效。要抓紧在预案管理、火源管控、宣传动员、群防群控等方面拿出硬招实招，坚决打赢森林草原防灭火这场硬仗。,凉山市,长春市,罗文,省委常委、常务副省长,,,2023,2023-10-15 00:00:00,2.0,学习考察森林草原防灭火工作,否,应急事件；环境保护
为进一步推动川渝合作向纵深发展，全面融入国家“一带一路”和长江经济带战略，今天上午，四川省委书记王东明，省委副书记、省长尹力率四川省党政代表团前往重庆市学习考察。 代表团一行首先来到长安汽车工程研究总院。长安汽车是我国最大的自主品牌车企，在新能源汽车领域处于领先水平。成立于1995年的工程研究总院是长安汽车自主研发的核心机构，拥有超过6000名研发人员，牵头制定国家标准20余项。 在渝期间，代表团还将前往两江新区、猪八戒网络公司等地考察。 去年5月，重庆市党政代表团曾到访四川，双方在成都签署了关于加强两省市合作共筑成渝城市群工作备忘录，明确了到2020年，将成渝经济区打造成为国家重要的统筹城乡发展先行示范区，将成渝城市群建设成为国际知名、国内领先、辐射带动西部地区发展重要增长极的目标。今年3月，国务院常务会议通过《成渝城市群发展规划》。四川党政代表团此次赴渝，两省市之间还将签署深化务实合作年度重点工作方案及多个专项合作协议，对加快实现前述目标形成有力推动。,四川省,重庆市,王东明,四川省委书记, , ,2019,2019-10-23 00:00:00,2.0,全面融入国家“一带一路”和长江经济带战略；牵头制定国家标准20余项；成渝经济区打造成为国家重要的统筹城乡发展先行示范区；成渝城市群建设成为国际知名、国内领先、辐射带动西部地区发展重要增长极的目标,否,宏观经济；科技通信；区域规划
9月14日，省委副书记、省长蒋巨峰率四川省党政代表团，前往河南省感恩致谢，学习考察。在河南省委副书记、省长郭庚茂的陪同下，代表团参观了郑东新区、中铁隧道装备制造有限公司和河南博物院。 “河南正在建设郑州新区，实施郑州开封一体化发展，我想请教三个问题——新城规划如何规避堵车、水淹、环境污染等问题？新区规划如何解决新型产业形态的支撑？城市组团式发展有哪些经验和不足？”落座郑东新区，蒋巨峰开门见山地就我省规划天府新区正在思考的问题向河南取经。 郭庚茂认为，新区建设最核心的问题就是解决城市化和工业化的良性互动，建立良好的城市形态，既要避免大城市病，又要避免小城镇过多过密。郑州新区的做法是核心带动、节点提升、三化协调、产城互动。 郑东新区分为5个功能区：中央商务区、商住物流区、龙湖区、龙子湖高校园区、科技物流园区。截至2010年底，累计完成固定资产投资987亿元，引进各类金融机构73家，世界500强企业25家。走在郑东新区的核心区，两环高层建筑临湖矗立，内环建筑高80米，外环建筑高120米，郑州国际会展中心、河南艺术中心、千玺广场三大标志性建筑坐落在建筑群中心。蒋巨峰咨询郑东新区的规划建设情况、产业形态，并称赞规划大气，值得四川学习。 中铁隧道装备制造有限公司去年生产盾构机23台，占到全国总产量的三分之一。他们的盾构产品广泛应用于北京、天津、重庆、沈阳、郑州等城市的地铁、市政、水利、核电等工程建设上。代表团走进车间，为郑州地铁订制的3台盾构机正在紧锣密鼓的生产中。 蒋巨峰说，国内企业能够在这一领域内拥有自主知识产权，很了不起。 河南是文化资源大省。代表团还考察了河南博物院，博物院绿草成茵，环境幽雅，展厅内部陈列精致，文物数量质量之高，充分体现了源远流长的中原文化特色。据介绍，从上古时候起，地处黄河流域的河南省就是中华民族的发源地之一，境内的洛阳、开封、安阳，都曾是历史上的都城。虽然黄河的泛滥和战争摧毁了人们一次次建立在这里的都城，但他们所创造的无数文化载体却存留了下来。蒋巨峰说，来河南上了一堂生动的历史课，河南在民族文化上的保存、挖掘为中华民族的伟大复兴注入了文化力量。 省委常委、副省长魏宏，省政府秘书长于伟参加考察；河南省委常委、副省长李克，副省长张大卫，省政府秘书长安惠元陪同考察。（记者 李秋怡）,成都市,郑州市,蒋巨峰,河南省省长,,,2014,2014-09-14 00:00:00,1.0,"“河南正在建设郑州新区，实施郑州开封一体化发展，我想请教三个问题——新城规划如何规避堵车、水淹、环境污染等问题？新区规划如何解决新型产业形态的支撑？城市组团式发展有哪些经验和不足？”,蒋巨峰咨询郑东新区的规划建设情况、产业形态；文化力量；",否,区域规划；宏观经济；文化旅游；环境保护
为全面贯彻落实国家和省、市深化“放管服”改革和优化营商环境工作部署，加快城市更新进程，提升改善城市居民居住环境，近日，自贡市副市长黄雪智率队，前往山东省济宁市、日照市，江苏省南京市学习考察城市更新工作。自贡市住房城乡建设局、自然资源和规划局、政务服务和营商环境局、城投集团相关负责人、工作人员陪同考察。。考察组先后前往济宁市、日照市、南京市玄武区学习城市更新项目分类审批工作优秀经验，详细了解城市更新项目中审批服务资源有效整合、系统互联互通、流程标准规范、服务主动周到的工作做法，对科学规划、分类审批、协同服务等进行深入交流和探讨。。下一步，自贡市局将探索研究城市更新项目主要是老旧小区改造、市政设施更新等行政审批“豁免”清单工作，进一步提高审批效率、简化程序。,自贡市,"济宁市,日照市,南京市",黄雪智,自贡市副市长,,,2023,2023-08-28 00:00:00,1.0,学习城市更新工作；审批服务资源有效整合、系统互联互通、流程标准规范、服务主动周到的工作做法，对科学规划、分类审批、协同服务等进行深入交流,是,区域规划；政府运作；数字政府
蜀道丝路牵手 交流协作共赢 广元市党政代表团赴新疆哈密学习考察-政府信息公开-广元市人民政府。4月16日至17日，广元市党政代表团赴新疆维吾尔自治区哈密市考察学习，深入贯彻习近平总书记关于促进区域协同发展重要论述，认真落实新疆维吾尔自治区及新疆生产建设兵团·四川省工作协作座谈会精神，围绕《新疆维吾尔自治区人民政府 四川省人民政府战略合作框架协议》议定事项，与哈密市共商深化合作事宜、共谋协同发展大计。17日，两市召开工作协作座谈会，广元市委书记何树平出席会议并讲话，哈密市委书记孙涛主持会议并讲话；哈密市委副书记、市长吾拉木江· 热依木出席活动。。何树平在讲话中说，哈密是“丝路明珠”，素有“西域咽喉、东西孔道”之称；广元是“蜀道明珠”，被誉为“川北门户、蜀道咽喉”。古往今来，丝绸之路与古蜀道纵横交错、跨越千年，“丝路明珠”与“蜀道明珠”交相辉映、夺目绽放，演绎了哈密和广元之间道不尽、剪不断的深厚情缘。哈密聚焦“一标杆两典范”总体定位，大力实施“123456”发展思路，各项事业取得显著成效，特别是煤炭煤化工、新能源新材料和现代物流等领域实现跨越发展，主要经济指标增速位居全疆前列，值得广元学习借鉴。广元历史悠久、文化厚重，区域独特、交通便捷，山水秀美、生态宜居，溢满关爱、沐浴幸福。去年7月25日，习近平总书记亲临广元视察，给予我们强烈的思想指引、精神鼓舞和奋斗感召。全市上下认真贯彻习近平总书记。重要指示精神，全面落实党中央和四川省委决策部署，加快推进通道优势向经济优势、资源优势向产业优势、环境优势向竞争优势“三个转变”，治蜀兴川广元实践各项事业取得新进展。哈密是新疆的“东大门”，广元是四川的“北大门”，两市产业特色鲜明、各具优势、相互协同，推进协同发展具有良好基础、广泛共识、共同愿景。希望双方推动能源化工、新材料、现代物流、特色农业、文化旅游等产业协同发展，深化社会事业领域交流合作，结出像“哈密瓜”一样的甜蜜果实。。孙涛向广元市党政代表团的到来表示热烈欢迎。他说，此次广元市党政代表团来哈密考察调研，拉开了双方深化交流合作的序幕，展现出了广元市委、市政府锐意进取、主动作为的干事创业精气神，全市上下齐心协力谋求发展的信心和决心，让人深受启发，值得学习借鉴。当前，国家“一带一路”建设、新时代西部大开发、西部陆海新通道建设等重大战略布局，为哈密市与广元市交流合作提供了前所未有的有利条件。近期，新疆党政代表团赴四川学习考察，双方在多个领域达成务实合作的广泛共识，这也为哈密市与广元市共商合作、共谋发展开拓了更为广阔的空间。哈密愿与广元携手，在政治、经济、文化等各个领域开展深度合作，为构建新发展格局、铸牢中华民族共同体意识作出两地应有贡献。希望双方在战略合作框架协议的基础上，以疆煤入川、川货进疆、物流产业培育等作为切入点和突破口，以务实举措深化双方合作；利用好各类节、会、展等平台载体，为双方提供更多交流展示窗口，以相互赋能的方式加强交流；进一步加强市场主体打造，共同开拓第三方市场和区域性市场，实现“有为政府”与“有效市场”有机结合，以市场化方式实现双方共赢；进一步健全和完善两市互访交流、对话合作工作机制，引领双方合作步入制度化轨道，书写交流合作新篇章。。座谈会上，广元市委常委、常务副市长杨浩，哈密市委常委、常务副市长张志先分别介绍两市经济社会发展情况，并代表两市人民政府签署战略合作协议；广元国际铁路港建设发展有限公司与新疆哈密新恒顺交通物流集团有限公司签署战略合作协议。,广元市,哈密市,何树平,广元市市委书记,孙涛,哈密市委书记,2024,2024-04-16 00:00:00,2.0,共商深化合作事宜；两市产业特色鲜明、各具优势、相互协同，推进协同发展具有良好基础、广泛共识、共同愿景；推进能源化工、新材料、现代物流、特色农业、文化旅游等产业协同发展；,否,宏观经济；区域规划
5月10日至11日，省委常委、常务副省长罗文赴北京市学习考察科技创新工作。罗文强调，要深入推进创新驱动引领高质量发展，学习借鉴北京市在营造创新生态、建设创新平台、聚集高端创新人才等方面的做法和经验，结合实际为推动四川科技创新增添新动力。。调研期间，罗文一行先后前往小米、快手、百度等创新型企业和君联资本、中关村并购母基金等投资机构进行实地考察，与企业和机构负责人深入交谈，并召开座谈会，了解北京市创新创业环境建设情况，研究谋划四川支持科技创新政策思路办法。。罗文强调，要认真学习借鉴北京市在原始创新和区域协同创新方面的好做法好经验，逐条研究、消化吸收。要善于发挥市场的主引擎作用，把更多资源交给市场和用户，以市场化的角度去判断和选择项目。要善于发挥资本的主引线作用，推动科技成果更好实现转化。要善于发挥企业的主体作用，激活企业在科技创新方面的内生动力。要善于发挥人才的主力作用，聚集一大批企业需要的高端创新人才。,雅安市,成都市,徐鸣,雅安市市委书记,王晓晖,成都市委常委、组织部部长,2024,2024-05-09 00:00:00,1.0,学习考察单核引擎、二次创业以及优化政务服务等方面的思路和做法,否,宏观经济；区域规划；政府运作
4月28日至29日，省委常委、常务副省长罗文赴广东省学习考察科技创新工作。罗文强调，要深入贯彻创新驱动发展战略，学习借鉴广东省在完善体制机制、支持平台建设、集聚创新人才、优化创新环境等方面的经验做法，结合四川实际，出台务实管用的政策措施。。调研期间，罗文一行先后前往深圳市、广州市，实地考察中国科学院先进技术研究院、大疆创新科技、明珞汽车装备、视源电子科技、禾信仪器、金发科技等创新型企业，与科研院所、企业负责人深入交谈，并召开座谈会，了解广东省科技成果转化、技术创新、人才培养、体制机制改革等情况，研究谋划四川支持科技创新政策思路办法。。罗文强调，要认真学习借鉴广东省的好经验好做法，逐条研究、消化吸收。要突出需求导向，从供给和需求两端发力，让需求端以市场化的角度去判断和选择项目。要突出企业主体，充分发挥企业在推动科技成果产业化方面的内在动力。要突出人才牵引，大力培养、引进、聚集高端创新人才。要突出资本支持，更多更好地发挥各类投资机构对市场的敏锐性，积极打造高质量发展科技创新新引擎。,涟源市,德阳市,李莹,涟源市市委常委、常务副市长,邓良辉,德阳市副市长、党组副书记,2022,2022-04-28 00:00:00,1.0,实地参观了旌阳区行政审批服务中心，详细了解德阳市阆中市、广汉市、简阳市、什邡市及德阳航空产业园区四地政务服务中心联动实况；学习先进经验和做法，进一步提高政务服务效能；在庙嘴镇座谈交流，观看服务中心软硬件建设和“线上服务，线下办事”一体化模式应用展示；企业开办一次性告知承诺制改革、行政审批局政务服务“全市通办”“只进一扇门”工作机制,是,政府运作；数字政府；宏观经济
8月25至26日，眉山市委书记李静，市委副书记、市长宋朝华率该市党政代表团前往凉山州，深入攀钢集团西昌钢钒有限公司、德昌县风电场、德昌县小高乡安宁村、西昌市海河天街等现场，学习考察新型工业化和新型城镇化发展建设情况。省政协副主席、凉山州委书记翟占一，州委副书记、州长罗凉清一同考察。 攀钢集团西昌钢钒有限公司因攀钢西昌钒钛资源综合利用项目而诞生，这是我省推进产业结构调整升级，加快建设中国攀西战略资源创新开发试验区的重大项目。项目总投资近300亿元，配备国际国内先进设备，运用多项节能环保技术进行生产。站在高处俯瞰，一座现代化的钢城矗立在眼前，代表团成员感到非常震撼。 德昌风电场是中国首个山谷风力发电场，也是我省首座风力发电场。德昌风电场的建成，不仅填补了四川风力发电的空白，同时为凉山新能源开发利用开辟出一条新路。在现场，代表团成员详细了解项目建设进展情况和风力资源开发前景及风力发电投资与效益介绍。目前，该项目一、二、三期工程完成投资9.82亿元，安装风力发电机组50台，装机容量10.95万千瓦，已正式并网发电。 德昌县小高乡安宁村以城乡建设用地增减挂钩试点项目为依托，建设田园式现代新村，集约化发展畜禽养殖、蔬菜种植等特色产业，极大改善了当地群众的生产生活水平。 西昌市海河天街项目是根据现代生态田园城市的定位，和“海河水乡”特色进行打造的城郊新城市空间。建筑立面、湖岸线、园林景观照明等都经过精心规划设计建设，山水相依、景城相连、水在城中、景在水中。 考察中，翟占一表示，眉山历史文化厚重，充满生机活力，发展潜力巨大。近年来，眉山主动融入成都，同城发展，城市建设、产业发展、新农村建设等方面都得到了突飞猛进的发展。凉山州水能、矿产、农业、旅游、民族文化五大资源优势突出，近年来发展很快，下一步要继续学习眉山思想解放、作风扎实，大气魄、大力度搞建设的做法，在现代农业、旅游产业等方面与眉山继续深化区域合作，增进交往，加快两地经济社会更好地发展。 李静表示，此次前来学习考察，详细了解了凉山州现代化大手笔的产业项目、独具特色的城市规划建设，新型工业化和新型城镇化两化互动，凉山州发展势头迅猛，变化日新月异，深感震撼，深受启发。眉山将把此次学习考察的深切感受转化为继续追赶跨越的强大动力，结合实际情况，因地制宜，把学习到的经验运用到眉山各项工作中，促进眉山经济社会继续加快发展。同时，真诚希望两地继续加强交流合作，增进彼此情谊，共创美好未来。 市领导贺文、王影聪、刘十庆、吴小可、黄跃、王光彩、周孝平，各区县委书记、市级相关部门主要负责人参加考察。凉山州领导王金铁、邓显祥、龙伟等陪同考察。,眉山市,西昌市,李静,眉山市市委书记,翟占一,省政协副主席、凉山州委书记,2023,2023-08-25 00:00:00,2.0,学习考察新型工业化和新型城镇化发展建设情况；现代化的钢城；山水相依、景城相连、水在城中、景在水中；,否,宏观经济；区域规划；环境保护；土地；能源利用
探索统筹城乡发展，四川走在全国前列，哪些经验值得学习？8月23日至25日，福建省委副书记陈文清、副省长王蒙徽率福建党政代表团来川考察，深入成都、绵阳两市的社区、企业、规划馆，实地考察统筹城乡综合配套改革、城市规划等情况。 省委副书记李春城，省委常委、成都市委书记黄新初，副省长黄彦蓉、陈文华分别陪同考察。 23日中午一抵达成都，代表团一行就马不停蹄来到龙泉驿区龙华社区。自2004年以来，该社区通过创新农村土地经营机制，成立“农民股份合作社”，变土地资源为资本，集体资产由原来负债30万元发展到价值4亿元以上，实现社会养老保险、医疗统筹全覆盖，充分体现了改革的巨大成效。看到农民已经融入城市生活，不仅安居乐业，精神文化活动也丰富多彩，代表团成员十分感慨，对四川在统筹城乡发展中取得的成效赞不绝口，纷纷表示要把四川的成功经验带回去，应用到福建城乡一体化综合改革实践中。 做好规划，是统筹城乡发展的关键。代表团一行先后来到“城乡一体化——成都市统筹城乡科学发展之路”主题展览馆、成都市规划馆、绵阳市城南新区等，详细了解成都、绵阳和天府新区规划建设情况。四川高起点、高标准规划，在城市产业发展、生态环境建设、科技攻关创新等方面的瞩目成绩，令代表团成员深受启发。 四川正在实施的“两化”互动、统筹城乡总体战略，引起代表团一行极大关注。在一汽大众成都基地和长虹集团，代表团参观了企业生产车间，详细了解四川发展高端制造业、推进新型工业化的最新进展。目前，一汽大众成都基地已建成亚洲最先进的全自动化全封闭冲压生产线、全球最先进的激光焊装车间，每分钟可生产一辆新车，预计2015年实现产量45万辆。 代表团还参观了成都的两张“名片”——宽窄巷子和东区音乐公园，学习成都在创新中保护利用传统文化的做法。 （记者 张守帅）,福建省,成都市,王蒙徽,省政府副省长,黄彦蓉,四川省副省长,2014,2014-08-23 00:00:00,3.0,统筹城乡综合配套改革；城市规划；农村土地经营机制；社会养老保险、医疗统筹全覆盖；,否,区域规划；流动人口；财政；政府运作
曾经在新中国工业史上书写了上百个“第一”的老工业基地辽宁，在新型工业化的道路上又书写了许多“第一”；曾经位列世界十大污染城市的沈阳，现在是国家环保模范城。6月22日，由省委副书记、省长蒋巨峰率领的四川省党政代表团在辽宁考察时，对其工业发展、城市建设、生态保护印象深刻。辽宁省委书记、省人大常委会主任王珉，辽宁省委副书记、省长陈政高分别陪同考察。 四川省党政代表团考察了沈鼓集团、北方重工、远大企业集团、沈阳机床集团、沈阳华强文化科技产业基地、东北总部基地、华晨汽车等企业。它们都拥有若干项中国“第一”，许多企业还在打造跨国集团，冲刺世界“第一”。 “我们快速发展的灵魂在于不断创新。”拥有51个中国建筑工程最高奖“鲁班奖”的远大企业集团负责人如是总结。在沈阳机床集团，技术创新者收入与其创新成果的销售收入挂钩，实行“国有体制、民营机制”。蒋巨峰十分赞同他们把自主创新摆在首位的做法，并从企业运营机制上与他们进行了交流。 铁西新区集中了众多大型装备制造企业和现代建筑企业，规模大，档次高。“老工业基地真正重振雄风了”，蒋巨峰与该区负责人探讨认为，推进新型工业化，要进行准确的市场和产业定位，不断完善软硬环境，加强政策引导和人才等要素保障，横向配套，纵向延伸产业链，实现集中集聚集约发展。 辽宁的城镇化率居全国第二位，在推进新型城镇化方面有许多创举。沈阳作为沈阳经济区的龙头，在其东西南北都规划建设新城，连同老城区一起形成了五大发展空间。每个新城有其个性化的定位和相应的产业支撑，同时在城市功能上又相对完整。蒋巨峰与当地领导及规划人员交流了城市功能分区、产业错位发展、水电气配套、交通物流等情况，他认为沈阳的城市群规划和城市新区规划很具前瞻性、科学性，特别是城市群很好地发挥了集聚效应。 长达33公里的蒲河生态廊道是辽宁省治理环境和保护生态的范例工程。过去蒲河水面只有十几米宽，治理后的水面宽逾百米，水质提升，形成了7处景观湖、3处湿地、8座拦河闸、24座桥梁，还有两岸10平方公里的绿化带。生态的改善提升了人居环境，投资者也纷至沓来。蒲河所在的沈北新区，规划了300平方公里蒲河新区、400平方公里现代农业区、119平方公里生态旅游区，正在打造手机制造、农产品深加工、家电制造、通航产业四大千亿产业基地。蒋巨峰称赞沈阳改善生态环境的成效显著，表示将学习先进经验，进一步推进四川建设长江上游生态屏障的工作。 四川省委常委、副省长魏宏，省政府秘书长于伟参加考察。辽宁省委常委、副省长许卫国，副省长邴志刚，沈阳市市长陈海波，省政府秘书长冯韧陪同考察。 （记者 谭江琦）,巴中市,平顶山市,何平,巴中市市长,翟志刚,平顶山市市委常委、常务副市长,2024,2024-03-28 00:00:00,1.0,考察了平顶山市乡村规划、园区建设、道路交通、漂流搬迁等工作,否,区域规划；宏观经济；交通运输；住房；应急事件
6月6日至7日，省委书记彭清华，省委副书记、省长尹力，率四川省党政代表团赴重庆市学习考察，全面贯彻落实习近平总书记在深入推动长江经济带发展座谈会上的重要讲话精神，以“一家亲”感情推动常态化合作，以“一盘棋...,福州市,成都市,林东,福州市委副书记、市长,朱志宏,成都市委常委、常务副市长,2017,2017-08-21 00:00:00,1.0,林东一行先后参观考察了四川凉山彝族自治州乡村文化礼堂建设、成都市社区综合服务中心、成都市青白江工业集中发展区、成都市天府新区、成都市铁路运输系统等,否,区域规划；文化旅游；劳动就业
7月18日，市委书记、市人大常委会主任唐坚率乐山党政代表团赴上海市，深入上海宝钢集团、上海东方明珠（集团）公司，开展投资促进活动。市委常委、市国资委党委书记王万锟，副市长方为加，市委秘书长袁晓松以及市级相关部门负责人随行考察。 上海宝钢集团有限公司，是中国最具竞争力的钢铁联合企业。该公司立足钢铁主业，生产高技术含量、高附加值钢铁精品，已形成普碳钢、不锈钢、特钢三大产品系列，广泛应用于汽车、家电、石油化工、机械制造、能源交通、电子仪表等行业，技术研发、技术服务等能力强。深入该公司，唐坚一行与宝钢集团副总经理赵昆，宝钢集团规划委员会副主任邹宽等就传统产业的技术创新、新兴产业抢占技术前沿等开展了深入细致的交流会谈。唐坚指出，“十二五”期间，乐山面临产业结构调整的巨大压力，必须走传统产业的产品高端化和新兴产业的产业高端化之路，必须加大技术创新和技术引进的力度，始终走在技术前沿，才能实现更快更好发展。宝钢公司有传统技术产品高端化的成功经验，也有抢占新兴产业技术制高点的优势，希望宝钢集团能与乐山市开展广泛的市、企合作，提供技术、人才等方面的大力支持，助推乐山产业结构调整。同时，乐山是全国多晶硅及太阳能光伏产业的发祥地、国家级硅材料开发及副产物利用产业化基地，电子信息产业、新能源产业、冶金建材产业等有较好的基础。随着城际铁路等交通骨干项目的建设，乐山的区位优势更为明显。希望宝钢集团到乐山观光考察，投资兴业。 成立于1992年的上海东方明珠（集团）股份有限公司，是中国第一家文化类上市公司。公司成立以来，先后在文化休闲娱乐、新媒体、对外投资等领域进行多元化拓展，实现了产业结构优化和业绩的稳健、快速发展。 深入上海东方明珠（集团）股份有限公司，唐坚一行与该公司董事长钮卫平、副总裁胡爱莲等就文化产业、旅游产业的发展展开座谈。唐坚盛情邀请公司负责人来乐考察、发展。他说，乐山三江汇流，生态优美，森林覆盖率高，乐山是世界自然与文化双遗产地，是中国著名的旅游城市。城际铁路明年通车，乐山的交通区位条件将显著改善。“十二五”期间，乐山将全力打造国际一流的文旅休闲目的地。希望上海东方明珠（集团）公司来乐观光、考察，将发展文化旅游产业的成功经验带到乐山，帮助乐山提升城市品位，发展文化旅游产业，在合作中共赢发展。钮卫平表示，乐山旅游资源丰富，乐山市委、政府发展文化旅游产业的目标明确，大有发展潜力，希望近期去乐山学习考察，谋求合作商机。,乐山市,上海市,唐坚,乐山市市委书记、市人大常委会主任,,,2011,2011-07-18 00:00:00,1.0,传统产业的技术创新、新兴产业抢占技术前沿；乐山是世界自然与文化双遗产地，是中国著名的旅游城市；,否,宏观经济；文化旅游；科技通信；环境保护；交通运输
冯景锋一行先后前往四川数据要素产业园、“德阳市民通”公司、德阳城市大脑等地，学习考察德阳在数商企业引入培育、数据元件开发、应用场景建设、“德阳市民通”APP和微信小程序开发运营等方面的经验做法，特别是对德阳城市运行“一网统管”、城市态势“一网通看”、政务服务“一网通办”、数据资源“一网协同”的“四网”运营模式进行了观摩学习。每到一处，考察组成员都认真观摩、仔细聆听。。在交流座谈会上，德阳市委常委、副市长陈景峰对考察组表示热烈欢迎，德阳市政务服务和大数据管理局相关负责同志介绍了“数字德阳”相关情况。双方就数字城市建设管理工作进行了深入交流和探讨。冯景锋在座谈会上表示，通过学习观摩考察组全体同志进一步解放了思想、拓宽了眼界，德阳市在数字化建设工作上取得的成绩令人瞩目，德阳的先进经验和有效做法再一次为甘孜数字建设介绍了经验、提供了样板，希望两地持续深化沟通交流，并在数字化建设方面给予甘孜更多的指导和帮助。同时，他要求考察组同志认真学习德阳先进经验和创新做法，结合自身实际，把学习考察成果转化为推动数字甘孜建设的新思路、新举措。一是充分学习德阳数字化建设先进理念，切实将数字甘孜建设工作作为一项系统性改革任务，以数字要素改革为引领，统筹抓好组织体系、制度体系、要素培育体系、交易流通体系、安全监管体系等建设。二是充分学习德阳城市大脑建设先进经验，厘清建设主体与使用主体，突出使用主体需求导向，按照共性需求统建共用、个性需求特色定制、数据资源互通共享的原则，科学合理布局应用建设，确保数字甘孜各项应用建设成果受欢迎、见成效，赋能经济社会发展。三是充分学习“德阳市民通”建设经验做法，立足服务民生、服务基层、服务决策，做好数字甘孜专题领域场景应用建设。,甘孜藏族自治州,德阳市,冯景锋,甘孜藏族自治州州委副书记、州长,陈景峰,德阳市委常委、副市长,2023,2023-08-16 00:00:00,1.0,对数字德阳；“数字德阳”相关情况；数字化建设；数字甘孜建设,是,数字政府；政府运作；科技通信
为深入学习贯彻党的二十大精神，5月9日至10日，省人大常委会副主任、州委书记刘坪率阿坝州党政代表团赴海南省海口市，学习考察改革开放、乡村振兴、生态保护治理、城市规划建设等方面的先进理念，并就进一步深化合作交流、协同发展与海口市达成共识。海南省委常委、海口市委书记罗增斌，海口市委副书记、市长丁晖等分别陪同考察。。他山之石，可以攻玉。海口市作为国家“一带一路”战略支点城市，是中国（海南）自由贸易试验区（港）核心城市，更是改革开放的前沿阵地。学什么？怎么学？哪些经验做法可以借鉴使用？带着这样的思考，刘坪一行先后前往海南东寨港国家级自然保护区、海口观澜湖旅游度假区、昌学村动漫小镇、海口骑楼老街、海瑞文化公园、雷琼世界地质公园海口园区、海口国际免税城等地考察，与当地干部群众和企业管理人员深入交流，详细了解海口市经济社会发展的好经验、好做法。刘坪表示，这次来到海口，既是一次友谊之行，也是一次学习之行，更是一次合作之行，旨在拓宽视野、拓展思路，并结合我州实际，针对性解决短板问题，更好推动阿坝州经济社会高质量发展。他强调，要坚持以习近平新时代中国特色社会主义思想为指导，深入贯彻党的二十大精神，认真学习海口市在改革开放、乡村振兴、生态保护治理、城市规划建设等方面的好经验、好做法，对标对表找差距、补短板、扬优势，奋力推动新时代稳州兴州各项事业高质量发展。。在海南东寨港国家级自然保护区，站在岸边远眺，极目所见，青绿成片，红树林与蓝天碧水交相辉映。作为我国红树林中连片面积最大、保育最完好、资源最丰富的“海上森林公园”，东寨港保护区红树林生态系统在净化海水、防风消浪、固碳储碳、维护生物多样性等方面发挥着重要作用。沿着岸边步道，阿坝州党政代表团一行边走边看边听，详细了解近年来东寨港保护区开展退塘还林还湿、生态修复等情况，对东寨港保护区在生态修复和资源保护方面取得的成效以及变废为宝、采取生蚝壳护堤这一创新做法表示由衷的认可。刘坪指出，要深入贯彻习近平生态文明思想，坚定践行长江黄河上游生态“重在保护、要在治理、高质量发展”理念，认真学习海口市的先进做法，结合实际、创新运用，以等不起的紧迫感、慢不得的危机感、坐不住的责任感，持续深化“七大保护”行动、“七大治理”工程，全力筑牢长江黄河上游生态屏障。。海口阿坝虽相隔山海，但海景沙滩与雪山草地、海上丝绸之路与高原茶马古道具有互补性，文旅融合发展方向具有共通性。考察期间，代表团一行先后前往华彩·海口湾、观澜湖旅游度假区、雷琼世界地质公园海口园区马鞍岭景区、海口骑楼老街和海口国际免税城，实地考察文旅产业新业态发展情况，互动交流景区智慧旅游、文旅产业发展、服务配套设施建设等工作，感受海口市全市上下旅游服务的态度、解放思想的程度、文旅发展的强度，一致表示将认真学习借鉴海口市先进经验，将好做法带回来，努力开创文旅工作新局面。刘坪表示，阿坝、海口的旅游资源特色迥异，尤其是海景沙滩与雪山草地可以形成良好的优势互补，双方合作基础良好、空间广阔，希望双方立足各自资源比较优势，进一步深化战略合作，最终实现资源互补、信息共享、市场互建、客源互送，携手开创跨区域文旅协同发展新局面。。考察期间，代表团一行还前往海口市海瑞文化公园，参观海瑞生平事迹史料展，接受廉洁文化熏陶。大家表示，要认真学习海瑞“刚正不阿、清正廉洁”的精神，坚决把纪律和规矩挺在前面，进一步加强党性修养、长鸣清廉警钟，坚定不移明大德、守公德、严私德，以永远在路上的坚定和执着把全面从严治党引向深入，不断巩固发展风清气正的良好政治生态。,阿坝州,海口市,刘坪,阿坝州党政代表团团长、省人大常委会副主任、州委书记,罗增斌,海南省委常委、海口市委书记,2023,2023-05-09 00:00:00,2.0,学习考察改革开放、乡村振兴、生态保护治理、城市规划建设等方面的先进理念；在东寨港保护区深入了解生态修复和资源保护情况；文旅产业新业态；海瑞文化,否,宏观经济；区域规划；环境保护；文化旅游；社会政策
推动省内对口帮扶转向合作共赢 高鹏凌率队 李丹 曾洪扬 谭豹 徐其斌分别陪同 喻在岗参加。一路走，一路看，一路学，一路议，确保学到真经、转化实践。在内江、自贡期间，巴中市党政代表团通过入园区、进车间、看展板、听介绍等方式，实地学习考察内江推进国家级经开区建设、文旅融合发展，自贡打造航空工业园、现代农业园区等情况，并实地走访两地生物医药、食品饮料、高新技术制造等领域重点企业代表。代表团成员一致认为，内江、自贡两地聚力拼经济搞建设，呈现出强劲发展态势，在抓项目促投资、优化营商环境、文旅农旅融合发展、乡村振兴等各方面建立的良好机制、务实的举措、取得的成效、总结的经验值得我们学习、借鉴。。代表团成员表示，巴中与内江、自贡同处天府大地，文化相融、人缘相亲、情谊相通。自巴中与内江、自贡签订合作协议以来，帮扶方、受扶方将共识转化成了操作指南，并开启了区域协作的新篇章。下一步，巴中将加强与内江、自贡开展全方位的联系与协作，共同推进经济社会繁荣发展、和谐进步。同时希望帮扶方、受扶方共同肩负起中央和省委赋予的新的历史使命，以对口帮扶为契机，进一步创新合作机制、提升合作效果，不断巩固和发展两地精诚协作、互利共赢的良好局面。。内江市副市长毕胜及市政府秘书长蒋学飞，自贡市政府秘书长姜华分别陪同上述有关考察。巴中市政府秘书长张夕谦及通江县、平昌县、市级有关部门相关负责人参加。（记者 吴江）,巴中市,"内江市,自贡市",张斌,巴中市市委书记,"毕胜,姜华","内江市副市长,自贡市政府秘书长",2024,2024-01-23 00:00:00,2.0,实地学习考察内江推进国家级经开区建设、文旅融合发展，自贡打造航空工业园、现代农业园区；,否,区域规划；宏观经济；文化旅游；农林牧渔
"7月7日-8日,由市委常委、副市长王军带队,市双拥工作领导小组办公室组织市级有关部门、雅安军分区政治工作处负责同志及部分县(区)双拥工作领导小组分管负责同志和双拥工作领导小组办公室主任赴宜宾、泸州学习考察全国双拥模范城创建工作。。在宜宾市,考察组一行先后参观了五粮液集团公司退役军人服务站、翠屏区大地坡双拥主题公园、市退役军人服务中心。在泸州市,考察组一行参观了泸顺起义陈列馆、泸州前进路双拥街、天立双拥社区。参观结束后,考察组分别与宜宾、泸州两市双拥工作领导及部分成员单位就加强新时代双拥工作政策支持、双拥宣传与阵地建设、驻地部队拥政爱民工作、双拥工作助推经济社会事业发展及其他双拥日常活动开展情况和经验进行了交流学习。。通过学习考察,考察组成员进一步坚定了创建信心,同时看到雅安双拥工作与已成功四创全国双拥模范城的宜宾、七创全国双拥模范城的泸州等老牌全国双拥模范城比较还存在较大差距,如组织与工作力量较为薄弱,双拥政策还不优,很多工作还不深不细,双拥特色工作不够明显,在宣传教育、阵地建设等方面还需要进一步加强。但是,雅安市地理位置特殊重要,双拥工作具有优良传统,基础条件好、红色资源丰富、驻地部队积极支持地方建设,下一步,雅安将认真贯彻全省双拥模范命名表彰大会精神,按照市委市政府打好“红”“绿”“黑白”三张名片及全国双拥模范城“创必创成”的要求,认真消化吸收两市的好经验好做法,深入分析和思考,抓紧整改,扎实工作,提升雅安新时代双拥工作水平,力争早日创建为全国双拥模范城。",雅安市,"宜宾市,泸州市",王军,雅安市市委常委、副市长,,,2020,2020-07-07 00:00:00,2.0,坝一易地扶贫搬迁安置点，就安置点规划、建设及搬迁扶贫等情况进行了实地考察；香港新界东绿道的建设情况进行了参观学习；双拥工作政策支持、双拥宣传与阵地建设、驻地部队拥政爱民工作、双拥工作助推经济社会事业发展及其他双拥日常活动开展情况和经验进行了交流学习,否,政府运作；宏观经济；区域规划；双拥工作
"11月25日至26日，省委书记、省人大常委会主任刘奇葆率四川省党政代表团专程赴湖南省，代表四川人民特别是地震灾区人民，感谢湖南省委、省政府和湖南人民对我省抗震救灾和灾后重建的倾力援助，学习考察湖南推动科学发展、促进社会和谐的先进经验，进一步推动两省深化合作、共赢发展。 在湘期间，在湖南省委书记、省人大常委会主任周强的陪同下，刘奇葆和代表团一行深入了解湖南省围绕科学发展的主题和转变经济发展方式的主线，加快推进新型工业化、农业现代化、新型城镇化、信息化和资源节约型、环境友好型社会建设，统筹推进改革、发展、稳定工作的成效和经验。考察中，刘奇葆说，湖南省以推进长株潭城市群""两型社会""建设为重要机遇，在推进科学发展、加快转变经济发展方式上创造了经验，为四川提供了有益启示。与此同时，湖南省坚持繁荣文化事业，发展文化产业，""文化湘军""异军突起，文化对经济社会发展的支撑促进作用越来越强，其做法和经验值得四川认真学习。 2007年，湖南的长株潭城市群获批为全国资源节约型、环境友好型社会建设综合配套改革试验区。刘奇葆和代表团成员一起来到位于长沙橘子洲头的长株潭""两型社会""展览馆参观，了解湖南省推进""两型社会""建设的思路、举措和成果。刘奇葆说，建设""两型社会""，工业结构优化调整十分重要，这种淘汰落后、减少污染的做法很有远见。长株潭城市群""两型社会""建设真正把加快经济社会发展与加强生态环境保护结合起来，推动经济社会发展走上全面协调可持续发展的轨道，为四川作出了示范，提供了经验。 ""十二五""末，长沙市的工程机械产值将达到3000亿元，着力打造工程机械之都。中联重工科技发展股份有限公司就是这个行业中的领军企业。走进企业，展现在眼前的是一排排体积庞大的起重机、挖掘机、铺路机、混凝土泵车，一台台塔式起重机和混凝土泵车数十米高的工作臂直指天空，十分壮观。刘奇葆和代表团成员走进企业装配车间，了解企业推进发动机、液压和操控系统关键环节技术创新的情况。听说企业集中力量专注于建筑工程、能源工程和交通工程等领域的重大高新技术装备研发制造，每年销售收入的50%来自于新产品开发，刘奇葆说，实践证明，唯有加强创新，掌握核心技术才是加快发展、赢得市场的不竭动力。他希望中联重工能与四川的装备制造企业加强合作，共同做大。 四川省党政代表团一行还前往长沙橘子洲，实地考察生态文化公园规划建设情况。代表团成员走进公园，了解公园内文化活动点的规划建设以及文化活动开展情况。听说公园建成后不仅给群众提供了文化活动场所，还增加了就业，改善了民生，刘奇葆说，文化产业是智力产业、创意产业，资源消耗少、环境污染小、比较效益高，加快推进文化产业发展，不仅满足了群众文化活动的需求，还使文化产业成为加快转变经济发展方式的重要突破口，这与建设""两型社会""的要求是一致的，湖南在这方面的做法值得学习。 考察期间，刘奇葆还率领四川省党政代表团专程前往韶山，向毛泽东同志铜像敬献花篮，瞻仰毛泽东同志故居。四川省领导魏宏、钟勉、刘捷，省商务厅厅长谢开华等相关部门负责人随团参加考察。",广安市,达州市,刘明宇,达州市委常委、广安市委书记,黄河,达州市委副书记、市长,2021,2021-08-17 00:00:00,1.0,在达州市考察学习心理健康、文化旅游、聚焦学校建设、农村人居环境整治等工作,否,卫生健康；文化旅游；教育；农林牧渔；区域规划
冯发贵率州党政代表团赴宜宾市、泸州市感恩致谢并学习考察 - 甘孜藏族自治州人民政府网站。12月20日至21日，州委副书记、州长冯发贵率州党政代表团赴宜宾市、泸州市感恩致谢，并学习考察科技创新、产业园区建设、文化旅游发展、开放合作等工作，就进一步深化对口帮扶、区域合作开展对接。。宜宾市委书记方存好，宜宾市委副书记曾令举；泸州市委书记杨林兴，泸州市委副书记、市长余先河，泸州市委副书记何洪波参加有关活动。州委副书记邓立军参加学习考察。。在宜宾市叙州区丰川动力科技有限公司、高新技术产业园区和光同程光伏产业项目基地，州代表团实地考察了解宜宾市光伏产业布局、项目招引落地、科技和产业融合发展等情况。冯发贵指出，近年来，宜宾市加快推进全市产业向以数字经济新蓝海、绿色新能源为核心的“一蓝一绿”产业优化转型，做大做强动力电池、光伏、数字经济等产业。甘孜州清洁能源优势得天独厚，是全省太阳能最丰富地区、全国太阳能高值地区之一，还是全球最大的硬岩型锂资源矿区。要立足资源禀赋、发展条件、比较优势等实际，学习借鉴宜宾市经验做法，加强多领域合作，加快“飞地园区”建设，切实把甘孜州资源优势转化为产业优势、发展优势、富民优势。。在宜宾市李庄古镇，州代表团参观考察了李庄文化抗战博物馆、中国营造学社陈列馆、羊街等文旅融合项目，详细了解李庄古镇坚持景镇一体，用“老砖老瓦老手艺”复原古街古巷古建筑、打造特色院落的经验做法。冯发贵指出，李庄在展示古镇深厚文化底蕴、发展文旅新兴产业上亮点纷呈，在坚持景镇一体探索新型城镇化建设、景区管理体制机制方面有丰富经验。甘孜州要结合实际，学习借鉴李庄经验做法，牢固树立“以文促旅、以旅彰文、和合共生”理念，深入挖掘、保护、传承和开发有形文化资源和非物质文化遗产，让更多的文化资源转化为旅游产品、文创产品，用文化丰富旅游内涵，用旅游提升文化价值。。在泸州市“乡城县、稻城县农特产品体验中心”，州代表团了解到，泸州市采取“中心+小区”模式，通过建设脱贫地区优质农特产品展示展销中心、小区供应站，将两县优质农特产品销售到泸州市场。冯发贵希望，泸州市有关企业继续深耕乡城县、稻城县农牧特色产业，进一步提升生产经营能力，加大有机认证，全力提品质、树形象、扩市场。希望两地进一步深化帮扶合作，围绕促进产业发展，做大做强高原特色农牧业，助力巩固拓展脱贫攻坚成果同乡村振兴有效衔接，让脱贫成果更有成色、乡村振兴成势见效。。在恒力（泸州）产业园，州代表团考察了解纺织产业从“一滴油到一匹布”全产业链发展，以及车间生产工艺流程等情况。冯发贵指出，泸州市充分发挥龙头企业对产业发展支撑关键作用，着力在招大引强上下功夫，为纺织产业发展奠定了坚实基础。甘孜州要对标先进，围绕文化旅游、清洁能源、特色农牧“三篇文章”，紧盯龙头企业、骨干项目“两大关键”，加强企业招引力度，全力以赴打造文旅之州、能源之州、有机之州。。宜宾市领导陶学周、薛庆，泸州市领导李堂兵、张司伦、李振蛟参加有关考察活动。州政府秘书长，州级相关部门主要负责人参加学习考察。,甘孜藏族自治州,"宜宾市,泸州市",冯发贵,甘孜藏族自治州州委副书记、州长,"陶学周,李堂兵","宜宾市市委副书记、市长,泸州市委书记",2022,2022-12-20 00:00:00,2.0,学习考察科技创新、产业园区建设、文化旅游发展、开放合作等工作；光伏产业布局、项目招引落地、科技和产业融合发展；进一步提升生产经营能力，加大有机认证，全力提品质、树形象、扩市场；,否,宏观经济；区域规划；教育；农林牧渔；环境保护；科技通信；文化旅游
巴中市党政代表团赴内江市、自贡市学习考察高鹏凌率队 李丹 石钢分别陪同_巴中市人民政府。11月13日至14日，市委副书记、市长高鹏凌率巴中市党政代表团赴内江市、自贡市学习考察，表达对口帮扶感谢之情，学习拼经济搞建设先进经验，共谋务实合作新篇章。内江市委副书记、市长李丹，自贡市委副书记、市长石钢分别陪同相关考察。。在内江期间，巴中市党政代表团先后前往川威集团有限公司、威远页岩气综合利用化工园区、镇西镇杨家嘴村、镇西食品加工集中发展区等地，实地考察内江工业发展、园区建设、农村面貌改善行动、特色食品产业发展等情况。在自贡期间，巴中市党政代表团先后前往自贡市立华牧业有限公司、大安区何市镇雨山村集体经济联合社肉鸡养殖基地、富顺县代寺镇水稻高粱现代农业园区、晨光科技园区等地，深入考察现代农业产业园建设运营、村集体经济发展、科技园区建设等情况。。一路走，一路看，一路学。大家纷纷表示，通过学习考察，开阔了视野，学到了方法，收获很大。认为内江、自贡两地深入学习贯彻习近平总书记来川视察重要指示精神，聚力拼经济搞建设，呈现出的蓬勃发展态势让人印象深刻，特别是两地在抓项目促投资、构建现代产业体系、工业园区规划建设、乡村振兴、优化营商环境等方面建立的良好机制、总结的实用经验，值得巴中在工作中学习借鉴。。大家一致认为，今年是巴中建立地区三十周年，当前全市上下正在深入开展第二批主题教育，在这重要的时间节点来到内江、自贡学习考察意义非凡。巴中与内江、自贡情同手足、友谊深厚，感情上水乳交融、思想上融合互通、发展上同频共鸣。将以此次考察为契机，充分学习好、借鉴好内江、自贡两地高质量发展的有益探索和宝贵经验，把学习成果转化为推进现代化巴中建设的思路举措和具体行动。希望继续深化多层次多领域交流合作，进一步推动优势互补、合作共赢，不断巩固和发展交流紧密、协同联动发展的良好局面。。内江市领导徐炼英，自贡市领导朱云、陈华斌先后陪同有关考察。巴中市领导熊文琦、何金虎及市政府秘书长张夕谦参加。（记者 李云良）,巴中市,"内江市,自贡市",高鹏凌,巴中市市委副书记、市长,"李丹,石钢","内江市委副书记、市长,自贡市委副书记、市长",2023,2023-11-13 00:00:00,2.0,"学习考察；工业发展、园区建设、农村面貌改善行动、特色食品产业发展,现代农业产业园建设运营、村集体经济发展、科技园区建设",否,宏观经济；农林牧渔；区域规划；土地
5月21日至22日，浙江省残联党组书记、理事长吕林一行来巴开展东西部对口帮扶活动暨学习考察残疾人工作。市人大常委会党组书记、主任李映陪同并出席座谈会。。吕林一行赴南江县实地考察并出席“浙川协作、助残共兴”座谈会，听取浙川助残协作巴中工作汇报，了解巴中市残疾人工作情况。他指出，四川历史悠久，文化灿烂，自古就有“天府之国”的美誉。近年来，四川省残联在持续增进残疾人民生福祉中，不断开创新时代四川残疾人工作新局面，创造了许多值得学习的好经验、好做法。巴中市委、市政府高度重视残疾人工作，始终坚持把残疾人事业纳入革命老区振兴发展大局，同部署、同实施、同推进，取得了显著成效。接下来，要继续深入贯彻党中央、国务院关于深化东西部协作的决策部署，不断擦亮“浙川协作、助残共兴”金字招牌，精诚合作，将东西部残疾人帮扶协作向更深层次、更高水平、更宽领域迈进。。座谈会上，李映代表市委、市政府致辞。他说，巴中是一座诗意山水之城、资源富集之城、历史厚重之城、开放活力之城和跨越振兴之城，当前正依法实干、创新巧干，放大既有优势、挖掘潜在优势、增创比较优势，加快建设全国革命老区振兴发展示范市。在浙江省残联和四川省残联指导下，巴中先后与浙江省丽水市、金华市携手共进，共同扛起新时代山海协作的重大政治责任，把“山”的特色与“海”的优势有机结合起来，为进一步深化“山海情”、念好“山海经”奠定了坚实基础。希望以本次座谈会为新起点，丰富协作内容，优化资源互补，推动两地残疾人事业高质量发展。。省残联党组成员、副理事长黄卫德代表省残联介绍了四川省残疾人工作相关情况。市委常委、统战部部长、市总工会主席温奇志主持座谈会。浙江省残联、浙江特殊教育职业学院分别与巴中市政府、南江县签订了《川陕革命老区重点城市残疾人帮扶协作框架协议》《院地合作框架协议》。浙江省残疾人福利基金会、中国狮子联合会浙江代表处、金华市残联还为我市捐赠了残疾人辅具。。浙江省残联党组成员、副理事长李一波，浙江特殊教育职业学院院长黄宏伟，副市长任小娟及市人大常委会秘书长易小兵参加或陪同。（记者 张维）,杭州市,巴中市,吕林,浙江省残联党组书记、理事长,李映,巴中市人大常委会党组书记、主任,2023,2023-05-21 00:00:00,2.0,东西部对口帮扶活动暨学习考察残疾人工作；党的二十大精神；,否,社会政策；卫生健康；教育；区域规划
胡斌率队赴浙江、广东走访慰问川籍农民工学习考察人社重点工作-政务要闻-四川省人力资源和社会保障厅。按照省委省政府工作安排，11月21日至25日，厅党组书记、厅长胡斌率队赴浙江、广东走访慰问在浙、粤务工的川籍农民工，学习调研两省人社工作先进经验。。胡斌一行先后深入浙江省光线能源有限公司萧山项目部、中铁三局杭州地铁7号线工程项目施工现场、杭州德圣市政工程公司和广东省荣诚鞋业公司、欧派家居集团股份有限公司走访慰问川籍农民工。每到一处，胡斌同志首先转达省委省政府对农民工的关心问候，详细了解川籍农民工的工作生活情况，倾听他们在务工中遇到的问题和困难；面对面解答就业创业、技能培训、子女升学、异地就医、社保转移接续和返乡返岗专列专车等大家关心关注的热点问题。最后，胡斌鼓励大家要立足岗位，好好工作、好好学习、好好生活，既要为浙、粤两地经济发展添砖加瓦，也要发挥自身聪明才智为建设家乡多做贡献。。在浙、粤两省人社厅学习考察期间，分别召开了人社工作座谈会，双方互相通报了2019年两省劳务扶贫协作涉及的贫困劳动力转移就业、技能培训等工作推进完成情况，重点就“最多跑一次”改革、根治拖欠农民工工资、机关事业单位养老保险制度改革、技能人才队伍建设等方面工作进行了深入交流。胡斌对浙江、广东两省长期以来对四川人社工作予以的关心支持表示衷心感谢。他指出，浙江“最多跑一次”改革、广东专业技能人才培养等多项工作领先全国，创造了很多先进经验和做法。这次学习考察，既是一次省亲之旅、感恩之旅，也是一次学习之旅、合作之旅，四川将把浙、粤两地先进的工作理念和做法带回去，认真学习、消化借鉴。他强调，下步双方要进一步深化合作，要把合作走牢走稳，建立常态化联系沟通机制；要把合作走宽走长，拓展合作领域；要把合作走深走细，创新推进合作成果落地见效。。“最多跑一次”改革、根治拖欠农民工工资、机关事业单位养老保险制度改革、技能人才队伍建设等方面工作进。厅党组成员、副厅长董宏杰，厅党组成员、省就业局局长黄晓东，厅办公室、职建处、农工处、工资处、养老保险处、劳动监察处和省政府驻上海办事处、广州办事处相关人员参加相关活动。,巴中市,"杭州市,广州市",胡斌,四川省人力资源和社会保障厅厅长,,,2023,2023-11-21 00:00:00,5.0,走访慰问在浙、粤务工的川籍农民工；就业创业、技能培训、子女升学、异地就医、社保转移接续和返乡返岗专列专车；“最多跑一次”改革、根治拖欠农民工工资、机关事业单位养老保险制度改革、技能人才队伍建设,是,数字政府；劳动就业；财政；教育；卫生健康
4月23日，四川雅安国家农业科技园区管理委员会（以下简称“市农业园区管委会”）召开全体干部职工会，专题学习《市委书记兰开驰同志带队赴泸州和宜宾学习考察报告》，并组织开展讨论。市农业园区管委会副主任古劲主持会议。。全体干部职工针对报告提出的三点建议，结合市农业园区管委会工作现状，结合自身思想工作实际，逐一发言，谈体会，讲认识，话落实。大家纷纷表示要加强自学，认真开展本职工作。。为加快推进雅安绿色发展振兴，紧紧围绕市委“1485”总体发展思路，会议要求，一是紧密结合市农业园区管委会工作实际，深刻领会和准确把握报告精神实质，深入学习和借鉴泸州和宜宾发展的先进经验做法；二是积极参与“东进融入”战略，加速推进中国·藏茶城建设，着力培育“雅安藏茶”品牌，打响这张雅安城市名片；三是做好“扩园强区”前期工作，服务全市乡村振兴战略，推进农业一、二、三产融合；四是以更严的要求、更高的标准、更实的作风，增强狠抓落实本领，以钉钉子精神做实做细做好各项工作。,雅安市,泸州市,兰开驰,雅安市市委书记,李静,泸州市市委副书记,2022,2022-03-21 00:00:00,3.0,推动雅安市把乡村振兴示范区协同建设与古城保护有机结合，实现新型城镇化与生态保护双赢；在推动乡村振兴、扩大内需和促进消费等方面的经验和做法,否,区域规划；宏观经济
7月8日至10日，州委常委、西昌市委书记马辉和副州长刘娜率队到成都市考察学习城市规划建设和文旅融合发展工作，并就进一步深化地企交流互动、合作发展与企业深入交换意见。。马辉一行先后深入四川国际博览集团、中粮集团中粮眉山加州智慧城、绿城中国绿城凤起潮鸣、绿城中国凤起兰庭、建发央玺、华侨城龙泉驿欢乐田园、华侨城保利天际等企业和项目，实地考察学习建设规划管理、文旅项目融合开发等情况，点对点“叩门招商”、面对面“学新增知”，切实推动地企务实合作取得重要成果。。考察中，马辉指出，此次学习考察，既是一次全方位取经之旅，也是一次深度化合作之旅。当前的凉山西昌具有时代机遇之利、区位交通之利、市场空间之利、资源聚集之利和营商环境之利，正以场景重塑推进区域筑势、以区域互联实现全域发展，努力在有限空间实现无限发展、创造无限价值，全力以赴打造国际生态田园历史文化名城。我们真诚欢迎广大企业加盟西昌、投资西昌，将更多的项目、资本和人才布局西昌，持续大力支持现有项目增资扩产、现有企业做大做强，共同创造高质量跨越式发展的美好未来。。马辉强调，凉山西昌将一以贯之秉承重商、亲商、安商、富商理念，对标打造全省一流营商环境，竭诚提供“保姆式”靠前主动服务，努力把西昌打造成为办事效率高、投资环境优、企业安全感强的创业福地。各级各部门将充分发挥政府职能作用，持续做好组织服务、政策支持和要素保障，为建筑业企业搭建良好的互动交流平台。要坚持争做学习政策、研究政策的先行者，学会用企业家们喜闻乐见的方式与之交流，学会将政策研究与一线实际需求相结合，找准各项优惠政策在西昌的落脚点。要积极动员内外企业加强联系、强化合作，探索抱团整合发展新方式、新模式，有效提高人财物的集中度，加强市场竞争力，推动西昌营城实现由“邛海时代”到“安宁河时代”的千年之变，着力打造宜居宜业宜游实践地、多元人文共生实践地、策源创新发展实践地、未来生活场景实践地、开放善治平台实践地，成为生态文明时代“未来城市”的实践区、未来城市“凉山方案”的样板间、推动城市创新发展与竞争力提升的新引擎。,凉山市,成都市,马辉,凉山州委常委、西昌市委书记,,,2022,2022-07-08 00:00:00,3.0,考察学习城市规划建设和文旅融合发展工作,否,宏观经济；区域规划；文化旅游
宜宾市考察团赴我市学习考察灾后恢复重建工作经验 兰开驰会见考察团一行 - 雅安市人民政府。雅安日报/北纬网讯 6月28日至29日，宜宾市考察团赴我市学习考察“4·20”芦山强烈地震灾后恢复重建工作经验。市委书记兰开驰会见了宜宾市委副书记黄河率领的考察团一行，市委副书记白云参加会见并陪同考察。。兰开驰向宜宾市长宁县发生6.0级地震表示深切慰问，向考察团一行来雅学习考察表示热烈欢迎，对宜宾市长期以来给予雅安经济社会发展的关心支持表示衷心感谢。他说，6月17日22时55分，宜宾市长宁县发生6.0级地震，给宜宾人民群众的生命财产造成巨大损失，灾区人民所经历的伤痛我们感同身受。我们坚信，在党中央、国务院关心关怀下，在省委、省政府坚强领导下，在社会各界鼎力支持下，宜宾市委、市政府一定能团结带领灾区广大干部群众打好打赢灾后恢复重建这场硬仗，建设更加美丽幸福的新家园。。兰开驰向考察团一行详细介绍了雅安在“4·20”芦山强烈地震灾后恢复重建中的理念、目标、定位和做法，特别是认真践行“中央统筹指导、地方作为主体、灾区群众广泛参与”的灾后恢复重建新路子的成果。他希望双方在重建过程中加强沟通交流，不断拓展合作领域，给两地人民带来更多福祉，为推动治蜀兴川再上新台阶作出新的更大贡献。。黄河向雅安市委、市政府和全市人民给予宜宾抗震救灾、灾后恢复重建工作的帮助和支持表示衷心感谢。他说，“4·20”芦山强烈地震灾后恢复重建创造和积累了许多值得学习的宝贵经验，宜宾将充分运用这些成功经验，紧扣宜宾灾区实际，结合受灾特点，抓好灾后恢复重建规划，加快推进灾后重建，让受灾群众早日过上更加幸福美好的新生活。。考察中，黄河一行先后来到“4·20”芦山强烈地震纪念馆和芦山县汉姜古城、平安小区、龙门古镇、白伙新村、河心新村等地，深入了解了我市从抗震救灾、灾后重建到幸福生活的艰辛历程，详细察看灾后恢复重建成果功效发挥，深切感受重建后广大群众的新面貌新生活新风尚。,宜宾市,雅安市,黄河,宜宾市委副书记,兰开驰,雅安市委书记,2023,2023-06-28 00:00:00,2.0,学习考察“4·20”芦山强烈地震灾后恢复重建工作经验；从抗震救灾、灾后重建到幸福生活的艰辛历程；,否,应急事件；社会政策；
在南充市上下认真学习贯彻习近平总书记重要指示精神、省委十一届七次全会精神和市委六届十二次全会精神、奋力开启建设临江新区的重要时刻，7月29日，四川天府新区成都管理委员会与南充市人民政府协同推进成渝地区双城经济圈建设合作协议签约仪式在蓉举行。双方将在总部经济、产业协作、文化旅游等重点领域深化合作，共建跨区域高质量合作“样板示范”，全面开启成南合作崭新篇章。。签约仪式前，范锐平在天府新城会议中心亲切会见了南充市党政代表团一行。他说，当前成都正深入学习贯彻习近平总书记重要指示精神，抢抓成渝地区双城经济圈战略机遇，勇担国家中心城市和全省“主干”责任，融入“双循环”、唱好“双城记”，加快建设高质量发展的增长极和动力源。。范锐平指出，南充是川东北中心城市，在全省经济社会发展中扮演重要角色。成都与南充拥有良好合作基础和发展前景，希望双方坚定以新发展理念为指引，开展多形式、多元化、多领域合作，进一步强化交通基础设施互联互通，合力推进东向出川大通道建设，共建产业生态圈和全球供应链体系，优势互补、互利共赢，为推动治蜀兴川再上新台阶贡献更大力量。。宋朝华代表南充市委、市政府向成都市长期以来对南充经济社会发展给予的大力支持表示感谢。他说，这次我们到成都学习考察，一是为贯彻中省重大决策部署而来。贯彻落实党中央推动成渝地区双城经济圈建设重大战略部署，贯彻落实省委“一干多支”发展战略，贯彻落实省委十一届七次全会精神，确保党中央大政方针和省委决策部署落地生根、开花结果。二是为感谢成都对南充关心支持而来。成都是国家中心城市、全省首位城市。这些年，成都在基础设施、产业发展、医疗卫生等方面给予南充大力支持，特别是中欧班列、产业转移方面给予特别支持。尤其是前年，双方签署了系列合作协议，我们铭记于心、感恩在心。三是为学习取经加强合作而来。大家一路走、一路看，共同的感受冲击力很大、非常震撼：公园城市，体现了新发展理念，展现了现代天府的大美画卷；“东进”战略，实现了城市格局的“千年之变”；天府绿道，实现了人与自然的和谐共生；新兴经济，呈现出全面引爆的强劲态势；从天府新区、到东部新区、再到中国西部（成都）科学城建设，形成了跨越发展的“硬核支撑”。此次学习考察，收获很大、启发很大，对成都这些年来的巨大变化深表钦佩。。宋朝华表示，南充全市上下坚定以习近平新时代中国特色社会主义思想为指导，深入贯彻落实党中央和省委部署要求，牢牢把握成渝地区双城经济圈建设机遇，学习借鉴成都践行新发展理念、推动高质量发展的成功经验，主动接受成都“主干”引领，主动接受成都辐射带动，主动承接成都产业转移，积极探索“总部+基地”“研发+生产”“产品+市场”产业互动模式，在融入成都发展中当好配角，进一步深化与成都在新经济、公园城市、总部经济等领域的交流合作，大力促进双方优势资源要素自由流动和融合，为推动治蜀兴川再上新台阶作出南充贡献。。签约仪式上，天府新区成都党工委副书记、管委会主任陈历章，南充市委常委、市政府常务副市长伍定分别代表双方签署了协同推进成渝地区双城经济圈建设合作协议，标志着成南新一轮合作拉开了大幕。。两年前，成都与南充签署了推动区域协同发展战略协议，在交通、产业、农业、物流、旅游等14个领域深化合作。目前，成南达万高铁、成南高速扩容项目前期工作加快推进，携手推出“古蜀道”探索之旅精品自驾游线路、养老保险待遇领取资格认证实现同城服务。,南充市,成都市,宋朝华,南充市市委书记,范锐平,成都市委副书记,2022,2022-07-29 00:00:00,1.0,贯彻落实党中央推动成渝地区双城经济圈建设重大战略部署；新兴经济；；“总部+基地”“研发+生产”“产品+市场”产业互动模式；在交通、产业、农业、物流、旅游等14个领域深化合作,否,宏观经济；区域规划；交通运输；
为推进与西北工业大学、西北大学的合作，学习发达地区科技创新先进经验，2018年11月19日—23日，市委常委、副市长付大为率队赴西安、淄博、潍坊等地学习考察。市人才办、市教育局、市科学技术和知识产权局、隆昌市人民政府相关负责人参加了此次活动。。内江党政代表团一行先后到西北大学、西北工业大学对接市校合作相关推进工作；前往淄博市学习了淄博市科技创新先进经验；前往机械科学研究总院潍坊平台考察学习院地共建创新平台等方面的经验做法。。通过这次考察学习活动大家认为，西北大学、西北工业大学学科优势明显、科技成果丰富，山东淄博、潍坊在实施创新驱动发展战略，推进创新平台建设、科技成果转化、人才引进培养等方面工作思路清晰、抓手有力，发展速度快，发展后劲足，发展质量好。这次考察学习活动开阔了眼界，看到了差距，学习了经验，拓展了思维。考察结束后，付大为要求，一是要进一步深化与高校院所合作，引导更多的科技成果在内江转移转化，吸引更多高端人才到内江创新创业；二是要进一步开拓思维，总结淄博、潍坊等地方科技创新的先进经验和做法，学以致用，推进内江科技创业再上新台阶；三是要加快创新驱动发展先行市建设，坚持科技创新和体制机制创新双轮驱动，加速科技成果转移转化，引导企业加大科研投入，加快提升自主创新能力。,内江市,"西安市,淄博市,潍坊市",付大为,内江市市委常委、副市长,,,2018,2018-11-19 00:00:00,5.0,推进与西北工业大学、西北大学的合作；学习淄博市科技创新先进经验；考察学习院地共建创新平台,否,宏观经济；国有企业；科技通信；劳动就业
月2日，南充市委副书记、市长向东召集市委常委、市国资委党委书记冯斌、市政府副市长朱家媛、市政府秘书长沈一凡等市领导和市直相关部门主要负责人专题听取了南充市实施创新驱动发展战略学习考察情况汇报。。在会上，南充市科技知识产权局局长王晓钧作了《关于赴京津汉等地考察学习创新驱动的情况报告》，介绍了6月中下旬冯斌常委和朱家媛副市长分别带队赴京津汉等地考察学习创新驱动发展相关情况，归纳了北京、天津、大连、苏州、昆山、武汉六地快速发展的启示，提出了南充市全面实施创新驱动发展战略的意见和建议，得到与会市领导的充分肯定和与会部门的一致认同。。在听完汇报后，向东市长强调，实施创新驱动发展战略，闭门造车肯定不行，要出去走一走，看一看，一方面是借鉴学习经验教训，另一方面是结合南充实际，解决南充市怎么干的问题。向东市长指出，南充市实施创新驱动发展战略，就要回答六个问题：一是打造什么样的平台；二是发展什么样的产业；三是培育什么样的企业；四是引进什么样的技术；五是吸引什么样的人才；六是制定什么样的政策。向东市长强调，回答这六个问题，既要出思路，谈观念，提要求，更要强调可执行，可操作，能够落地。。向东市长提出，南充可以把潆华工业区作为创新驱动实验区，以后再逐步拓展，向国家高新区发展。六个问题都要由这个实验区来回答。他强调，南充市要发展西南石油大学科技园南充分园，打造职业技术学院科技园区。不要指望园区发展一鸣惊人，发展是一个过程，只要实实在在地做，就会有成效。。在会上，冯斌常委对各部门在实施创新驱动发展战略中的职责作了进一步明确，要求要落实向东市长的讲话精神，细化政策措施，确保能够落地。,南充市,,向东,南充市市委副书记、市长,,,2017,2017-06-00 00:00:00,1.0,专题听取了南充市实施创新驱动发展战略学习考察情况汇报,否,科技通信；宏观经济
四川省生态环境厅关于政协四川省第十三届委员会第二次会议第1308号提案办理答复的函。建设人与自然和谐共生的美丽中国，是推进中国式现代化的一项重大战略任务，习近平总书记亲自谋划、亲自部署、亲自推动。四川高度重视、全力推进。。年省委、省政府召开全省生态环境保护大会，省委书记王晓晖系统部署美丽四川建设，要求加快建设美丽中国先行区、建设维护国家生态安全先行区、建设绿色发展先行区。各市（州）高位推动，加快编制美丽四川地方实践规划。目前，全省正在制定《关于全面推进美丽四川建设的实施意见》。。我省是全国经济大省、人口大省，地形地貌复杂多样、县域经济发展不平衡，建设美丽四川必须因地制宜。通过前期深入广泛调研，拟按照平原地区、丘陵地区、盆周地区和民族地区四大区域，因地制宜、分区分类开展美丽县、美丽乡村、美丽河湖、美丽交通建设。目前，正会同省直有关部门制定相关指标体系。。个培育县正在编制实施方案，打造各美其美、美美与共的先行先试样板。根据国家有关精神，我们将每年发布美丽四川建设优秀案例。。年）》明确提出各级政府要把美丽四川建设作为财政支出的重点领域，综合运用土地、规划、金融、价格等政策，鼓励和引导社会资本参与美丽四川建设。目前，我厅正会同省直有关部门研究制定激励政策，整合农业、水利、交通、乡村振兴等方面资金，支持美丽四川建设。。次组织市县生态环境局局长赴安吉、桐庐、余杭等地学习观摩，集中研讨美丽四川建设工作思路。省政府召开。年会”，扩大美丽四川建设影响力。各市县举办学术交流，凝聚美丽四川建设共识。目前，正积极谋划“美丽中国，我是行动者”计划，推动开展设计大赛、生态文学创作等系列活动，加强美丽四川建设全过程宣传，凝聚全社会共建美丽四川。,眉山市,杭州市,刘志诚,眉山市市委副书记、市长,徐立毅,杭州市委副书记、市长,2019,2019-05-16 00:00:00,1.0,深入学习浙江省在推行“枫桥经验”、乡村振兴、生态环境保护、数字化改革等方面的先进做法和成功经验,是,政府运作；数字政府；环境保护；区域规划；科技通信；宏观经济
省委常委、省纪委书记欧泽高，省委常委、常务副省长魏宏，副省长王宁7月23日在省委召开省招投标监督工作考察情况汇报会。魏宏同志主持会议。会议听取了我省赴香港和新加坡学习考察工程建设项目招投标监督管理工作小组的考察情况报告并对近期工作作出安排部署。 会上，考察小组组长、监察厅厅长徐波汇报了赴香港和新加坡学习考察情况并结合我省实际提出6项改进建议。省发展改革委、财政厅、住房城乡建设厅和省法制办主要负责同志作了发言。会议分析了当前全省招投标监督、政府采购等方面存在的问题并研究应对措施，原则上赞同6项改进建议并结合今年3月监察厅等7部门《关于进一步加强和规范省级招投标监督管理工作的调研报告》一并形成整体意见，对下一步完善此项工作提出了明确要求。 王宁对理顺招投标管理机构及其法律构架、整合现有电子招标平台、建立评标复查机制等方面工作提出了要求。 魏宏就招投标管理体制、运行机制、制度体系建设及抓紧启动招投标随机比选办法、电子信息平台的整合、评标复审机制的建立以及诚信体系建设等5个方面提出了明确要求并做了责任分工。 欧泽高要求参会单位尽快制度建设，整合资源，形成统一的招投标监督、政府采购法规或规章性文件送交省政府批准实施。 省政府副秘书长薛康，省发展改革委、监察厅、财政厅、住房城乡建设厅和省法制办主要负责人参加会议。,绵阳市,德阳市,,,,,2017,2017-04-17 00:00:00,1.0,学习德阳市对小额贷款公司监管工作的经验,否,贸易金融
我市党政代表团赴佛山、南通考察学习经验总结座谈会召开 学习借鉴先进经验 脚踏实地真抓实干 把考察学习成果转化为推动发展的路径举措 李文清主持并讲话 刘光强卢也何明俊罗文全参加。4月24日，我市党政代表团赴佛山、南通考察学习经验总结座谈会召开，市委书记李文清主持会议并讲话。他强调，要深入学习习近平总书记在新时代推动西部大开发座谈会上的重要讲话精神，认真落实省委、省政府决策部署，学习借鉴先进地区的理念思路、经验做法，脚踏实地、真抓实干，把考察学习成果转化为推动德阳高质量发展的路径举措。。市委副书记、市长刘光强，市人大常委会主任卢也，市政协主席何明俊，市委副书记罗文全出席座谈会。。李文清在讲话中充分肯定了本次考察学习各项工作。他指出，这次考察学习主题突出、内容丰富，取得了一系列成果。市委、市政府安排这次考察学习，是为了更好把握新时代区域协调发展的战略要求，更好扛牢省委赋予德阳的使命任务，主动学习佛山、南通两地在推动同城化、促进产业发展等方面的好做法，进一步学经验、找短板、强信心、聚共识，更加扎实有效做好当前各项工作。。李文清指出，当前，德阳面临着新时代西部大开发、成渝地区双城经济圈建设等发展机遇，广佛同城、南通深度融入长三角一体化发展作为区域合作的典范，为我们推动成德同城化发展提供了宝贵实践经验。要加快推动德阳大学科技园建设，学习借鉴南通模式，发挥成德中心作用，吸引一批优质企业和项目落户。要探索构建产业园区一体化发展模式，深化成德飞地产业合作，着力打造一批产业协作成果。要把交通互联互通摆在更加突出的位置，加快推动市域铁路成都至德阳S11线、G5成绵高速扩容等重大交通项目建设，完善内联外畅的综合立体交通网。要持续深化行政审批制度改革，进一步拓宽“跨地通办”领域和范围，推出更多“同城化无差别”政务服务事项。。李文清强调，要扎实做好本次考察学习成果转化运用的“后半篇文章”，推动各项工作开创新局面、见到新气象。要加大招商引资工作力度，用足用好我市区位、资源、要素成本、基础产业配套等比较优势，持续深化招商引资体制机制改革，加强招商队伍建设，深入推进基金招商、以商招商，探索推进银行招商，持续加大向上争取力度，确保招引工作不断取得新成效。要一手抓新兴产业谋划突破，一手抓传统产业发展，坚定不移推进传统产业提质增效，加快布局新兴氢能、生物制造、低空经济等新兴产业，增强地区发展新动能。要进一步丰富消费场景，围绕吃、住、行、游、购、娱等要素，加快打造重点商圈和特色街区，高水平打造天府大道北延线消费走廊。要加强干部人才队伍建设，健全容错纠错机制，让干部敢闯敢试敢担当。要加强作风建设，高标准高质量开展党纪学习教育，认真落实“大抓落实年”各项要求，努力营造崇尚实干、狠抓落实的干事创业氛围。要把各领域各层级交流合作常态化机制化，加强与两地党政领导干部的交流互访，鼓励企业、商会及社会各界人士常来常往，构建全方位多渠道交流合作格局。,德阳市,"佛山市,南通市",李文清,德阳市市委书记,,,2023,2023-04-24 00:00:00,1.0,主动学习佛山、南通两地在推动同城化、促进产业发展等方面的好做法；把交通互联互通摆在更加突出的位置；要持续深化行政审批制度改革，进一步拓宽“跨地通办”领域和范围,否,区域规划；宏观经济；交通运输；政府运作
6月13日，四川省委书记王东明，省委副书记、省长尹力，率党政代表团赴重庆市学习考察。继去年5月重庆市党政代表团赴四川考察学习后，川渝高层再聚首，共谋合作大计。川渝手拉手，发展路上一起走，如何让友谊的小船驶得更远？东明书记支了六招。,成都市,重庆市,王东明,四川省委书记,尹力,四川省委副书记、省长,2023,2023-06-13 00:00:00,1.0,如何让友谊的小船驶得更远？东明书记支了六招；两地经济、金融、科技、文化、生态等各领域深度合作,否,宏观经济；贸易金融；政府运作；文化旅游；环境保护；科技通信
6月13日，四川省委书记王东明，省委副书记、省长尹力，率四川省党政代表团赴重庆市学习考察，进一步深化川渝务实合作，共同推动成渝经济区做大做强，促进成渝城市群建设迈向更高水平。 当天，川渝双方签署《深化川渝务实合作2016年重点工作方案》及10个专项合作协议。 非常“1＋10”系列合作协议的内容要点有哪些？会怎样影响到我们的生活呢？川报观察独家为你披露内容要点。,四川省,重庆市,王东明,四川省委书记,余桥,重庆市委常委、市委秘书长,2016,2016-06-13 00:00:00,1.0,共同推动成渝经济区做大做强；加强交通、科技和人文等领域合作,否,宏观经济；科技通信；区域规划；交通运输；文化旅游
范波率队赴江苏学习考察和开展投资促进活动并出席昆山·自贡深化产业合作交流会 - 自贡资讯 - 自贡市政府网站集约化平台。7月3日至5日，市委书记范波率队赴江苏学习考察、开展投资促进活动，并出席昆山·自贡深化产业合作交流会暨自贡（昆山）产业合作示范园区建设启动仪式，。7月5日，昆山·自贡深化产业合作交流会暨自贡（昆山）产业合作示范园区建设启动仪式在昆山市举行。昆山市委书记周伟代表昆山市委、市政府，向范波一行来昆考察表示热烈欢迎，向自贡市长期以来对昆山经济社会发展的关心支持表示衷心感谢。他说，自去年8月4日昆山与自贡签署友好合作协议以来，两市大力推动自昆合作走深走实，开启了自昆两地携手合作、共赢未来的新篇章。自贡与昆山虽然山水相隔、相距千里，却有着许多共通点和相似性，特别是在战略机遇、城市发展、精神内涵等方面，充分展现了两地向高而攀、向远而行的共同追求，为两地深化合作交流奠定了广泛而深厚的现实基础。他指出，当前，昆山正按照党中央“疫情要防住、经济要稳住、发展要安全”的重大要求，在江苏省委、省政府和苏州市委、市政府的坚强领导下，走好“敢闯敢试、唯实唯干、奋斗奋进、创新创优”的新时代“昆山之路”，聚力建设新城市、大力发展新产业、全力布局新赛道，奋力打造社会主义现代化建设县域示范。我们将以此次会议为新起点，坚持互惠共赢，激发创新创业新活力，进一步找准两地产业合作的最佳切入点和结合点，鼓励支持有实力、有基础、有意愿的企业到自贡投资兴业、开拓市场，促进两地产业对接协同、企业共赢发展，不断提升产业链供应链安全性、稳定性和竞争力。加强经验互鉴，构建协作协同新模式，积极推广昆山产业转型升级、营商环境建设等方面的经验，认真学习自贡在文旅融合、创新发展等方面的好做法，强化资源共享、平台共用、市场共拓，在取长补短中持续提高两地产业知名度和城市美誉度。深化交流合作，探索构建交流互访、共商互动模式，让两地党员干部不断开阔视野、拓展思路、提升能力，全力以赴推动两地经济社会高质量发展，为携手奋进新征程、建功新时代凝聚强大合力。。昆山市委书记周伟代表昆山市委、市政府，向范波一行来昆考察表示热烈欢迎，向自贡市长期以来对昆山经济社会发展的关心支持表示衷心感谢。他说，。范波代表自贡市委、市政府，向昆山市长期以来对自贡经济社会发展的支持帮助致以诚挚谢意。他说，。在江苏期间，范波一行还前往昆山市中科院安全可控信息技术产业化基地、苏州亿创特智能制造有限公司等考察，学习借鉴苏州及昆山在推动转型升级、夯实产业支撑、优化营商环境等方面的好经验好做法，并与企业负责人就寻求合作机遇、实现互惠共赢交换意见。 市委常委、秘书长、高新区党工委书记陈扬杰，市级相关部门和高新区党工委负责同志参加学习考察和有关投资促进活动。,自贡市,昆山市,范波,自贡市市委书记,周伟,昆山市委书记,2023,2023-07-03 00:00:00,3.0,推动转型升级、夯实产业支撑、优化营商环境等方面的好经验好做法；文旅融合、创新发展；,否,区域规划；宏观经济；文化旅游；科技通信
市委常委会召开会议传达学习习近平总书记近期重要讲话精神 研究巴中贯彻落实工作鲜荣生主持会议并讲话_巴中市人民政府。市委常委会召开会议 传达学习习近平总书记近期重要讲话精神 研究巴中贯彻落实工作 鲜荣生主持会议并讲话。3月5日，市委常委会召开会议，传达学习习近平总书记近期重要讲话精神和中央、省委有关会议精神，研究巴中贯彻落实工作。市委书记鲜荣生主持会议并讲话。。会议指出，要深入系统学习习近平总书记对新能源工作的重要指示精神，准确把握当前新能源产业、技术发展现状和态势，深度研究我市新型能源体系建设。要对标对表中央、省委部署要求，结合巴中资源条件和产业基础，进一步明晰全市新能源发展目标、路径和措施，建立完善推动新能源产业发展工作机制，加快推进和布局一批重点项目，把新能源产业培育成为产业升级的重要增长点。。会议指出，要认真学习领会习近平总书记在中央财经委员会第四次会议上的重要讲话精神，扎实抓好新一轮大规模设备更新和消费品以旧换新、有效降低社会物流成本等重点工作，加快推动各类生产设备、服务设备更新和技术改造，充分激发消费潜力，促进物流领域发展提质增效。要密切关注后续出台的政策措施，梳理有基础、可落地的政策支持清单，积极向上对接争取，抢抓发展机遇。。会议指出，要认真学习宣传贯彻《煤矿安全生产条例》，系统梳理可借鉴的机制和做法，结合我市煤矿资源和管理实际，细化形成实操性强的指导手册。要更好统筹发展和安全，切实抓好煤矿安全监管，坚决杜绝“带病”生产，有效防范化解风险隐患。。会议指出，要深入学习领会省级领导干部和市厅级主要负责同志推动高质量发展专题读书班精神，深刻理解把握省委推动高质量发展5个方面的实践经验和6个方面的重点任务，切实把思想和行动统一到省委决策部署上来。要聚焦建设“全国革命老区振兴发展示范市”，把巴中放在“两个大局”和“四化同步、城乡融合、五区共兴”发展战略中统筹考量，找准方位、明晰方向、创新方法，专业理性推动巴中高质量跨越式发展。。会议指出，要把推动新型工业化作为培育形成新质生产力的重要途径，系统梳理研究国省政策， 整体谋划优势产业高端化、传统产业新型化、新兴产业规模化工作，形成企业梯度培育体系。要加强市、县统筹，切实抓好制造业“智改数转”培训辅导、诊断评估、转改服务，积极引导全市工业企业应改尽改、应转尽转。。会议听取巴中党政代表团赴浙江省金华市学习考察情况汇报，指出要进一步强化开放合作理念，抓住用好东西部协作、对口合作、托底性帮扶，整合资源加大招商引资、招才引智力度，不断提升对外开放质效。要认真学习借鉴金华市先进思维理念、经验做法和优良作风，解放思想，大胆探索，以思想破冰引领发展突围。要推动形成外出考察常态长效工作机制，做到“行前有任务清单、期间有座谈交流、返程有转化措施、后期有成果跟踪”。。会议审定《2024年为企办实事若干措施》，指出要围绕“企业所需、政府所能”，进行任务分解，建立工作清单，明确推进时限和责任，定期研究评估落实情况，形成工作闭环。要运用多形式和平台，广泛宣传为企办实事政策措施，确保企业应知尽知、应享尽享。要严格督查督办，将为企办实事纳入专项督查，对措施执行做选择、打折扣、搞变通的，严肃追责问责。,,巴中市,,,鲜荣生,巴中市市委书记,,,,研究巴中贯彻落实工作；抓好煤矿安全监管；推动形成外出考察常态长效工作机制；要认真学习借鉴金华市先进思维理念、经验做法和优良作风,否,区域规划；能源利用；政府运作；应急事件
鲜荣生率巴中市党政代表团赴浙江省金华市考察学习学习先进经验 深化对口合作共同打造浙川东西部协作典范召开金华—巴中东西部协作暨革命老区重点城市对口合作党政联席会朱重烈 鲜荣生讲话 张健参加有关活动_巴中市人民政府。鲜荣生率巴中市党政代表团赴浙江省金华市考察学习 学习先进经验 深化对口合作 共同打造浙川东西部协作典范 召开金华—巴中东西部协作暨革命老区重点城市对口合作党政联席会 朱重烈 鲜荣生讲话 张健参加有关活动。山海不为远，金巴一家亲。农历新年上班第一周，循着习近平总书记在浙江省金华市的考察足迹，带着学习金华改革发展先进经验、探究巴中高质量发展方法路径的紧迫使命，2月21日至23日，巴中市党政代表团赴浙江省金华市考察学习，开启市外取经“第一课”、共谋发展“第一站”。22日上午，金华—巴中东西部协作暨革命老区重点城市对口合作党政联席会在金华召开，金华市委书记朱重烈、巴中市委书记鲜荣生出席并讲话。。朱重烈代表金华市四套班子对巴中市党政代表团一行表示热烈欢迎。他说，去年9月20日，习近平总书记亲临金华考察调研，深情嘱托金华“根据实情、发挥优势、扬长补短、再创辉煌”。全市上下牢记嘱托、感恩奋进，经济社会发展呈现良好态势。新春伊始，巴中市党政代表团就来到金华，充分体现了对对口合作工作的高度重视和对金华的深厚感情。去年，金华代表团到巴中学习考察，当地良好的发展势头让人印象深刻。特别是巴中干部群众展现出务实奋进、只争朝夕的精气神，令人敬佩，值得学习。自结对以来，两地发挥各自所长，在要素流通、区域协作、商贸联动、民生纽带等方面取得丰硕成果。。朱重烈指出，金华将认真贯彻习近平总书记关于做好东西部协作和革命老区重点城市对口合作的重要指示精神，在产业发展、文化互鉴、人才交流、商贸合作等方面持续用力，全力推动东西部协作和对口工作再谱新篇。在协同发展上更加坚定坚决，坚决扛起政治责任，坚定不移把支持巴中发展的事当成金华分内事、自家事，真情实意合作、真金白银投入，携手谱写对口合作新篇章。在深化合作上更加务实有为，坚持巴中所需、金华所能，充分发挥两地资源禀赋和特色优势，深化产业合作、商贸联动、民生改善、人才交流，努力打造更多标志性成果。在交流互鉴上更加常态长效，坚持机制共建、资源共用、成果共享，常态化互访共商、互联共享、互学共进，推动双方对口合作再上新台阶。。鲜荣生代表巴中市四套班子对金华一直以来给予巴中的支持帮助表示衷心感谢。他说，开展东西部协作和革命老区重点城市对口合作是党中央国务院作出的重大决策，充分体现了习近平总书记对老区的关心厚爱。近年来，金华市委市政府以高度的政治担当，倾注真心真情、投入真金白银开展东西部协作和革命老区重点城市对口合作，让两地人民结下了无问西东、跨越长江、山海与共的深厚情谊。去年习近平总书记莅临金华考察，充分肯定金华经济社会发展成就并作出重要指示。作为东西部协作的兄弟城市，巴中人民倍感振奋、倍受鼓舞、同感光荣，习近平总书记对金华提出的“根据实情发挥优势扬长补短再创辉煌”重要要求，对巴中同样具有重要指导意义。此次金华之行，深切感受到习近平总书记重要指示精神正在金华大地扎根开花，深切感受到金华各级领导干部求实创新、实干争先的优良作风。我们将认真学习领会习近平总书记重要指示精神，认真学习借鉴金华市推动经济社会发展和城市治理的理念、举措、方法、路径，努力转化实化为推动巴中内涵式发展、高质量发展的不竭动力。,巴中市,金华市,鲜荣生,巴中市市委书记,朱重烈,金华市委书记,2023,2023-02-21 00:00:00,3.0,在产业发展、文化互鉴、人才交流、商贸合作等方面持续用力；巴中干部群众展现出务实奋进只争朝夕的精气神；,否,宏观经济；文化旅游；教育；劳动就业；贸易金融；区域规划
对标先进加快转型升级 谱写深化合作共赢新篇 范波率队赴江苏学习考察和开展投资促进活动并出席昆山·自贡深化产业合作交流会 - 工作动态 - 自贡市政府网站集约化平台。7月3日至5日，市委书记范波率队赴江苏学习考察、开展投资促进活动，并出席昆山·自贡深化产业合作交流会，。昆山市委书记周伟代表昆山市委、市政府，向范波一行来昆考察表示热烈欢迎，向自贡市长期以来对昆山经济社会发展的关心支持表示衷心感谢。。周伟说——自去年8月4日昆山与自贡签署友好合作协议以来，两市大力推动自昆合作走深走实，开启了自昆两地携手合作、共赢未来的新篇章。自贡与昆山虽然山水相隔、相距千里，却有着许多共通点和相似性，特别是在战略机遇、城市发展、精神内涵等方面，充分展现了两地向高而攀、向远而行的共同追求，为两地深化合作交流奠定了广泛而深厚的现实基础。。范波说——我们两年以来4次到访昆山，深刻感受到昆山这座城市日新月异的变化和迅猛发展的势头，对新时代“昆山之路”引领的昆山之变深表敬佩。。以再造产业自贡为总牵引，做强工业压舱石，增添文旅新动力，培育特色农业新优势，加快建设新时代深化改革扩大开放示范城市、现代产业城市、生态文明城市、城乡一体繁荣幸福城市。走好新的赶考之路，把美好蓝图变为现实美景，我们比以往任何时候都更加需要深化与昆山的合作。。在江苏期间，范波一行还前往昆山市中科院安全可控信息技术产业化基地、苏州亿创特智能制造有限公司等考察，学习借鉴苏州及昆山在推动转型升级、夯实产业支撑、优化营商环境等方面的好经验好做法，并与企业负责人就寻求合作机遇、实现互惠共赢交换意见。 范波一行前往苏州亿创特智能制造有限公司考察 市委常委、秘书长、高新区党工委书记陈扬杰，市级相关部门和高新区党工委负责同志参加学习考察和有关投资促进活动。。市委常委、秘书长、高新区党工委书记陈扬杰，市级相关部门和高新区党工委负责同志参加学习考察和有关投资促进活动。,巴中市,金华市,鲜荣生,巴中市市委书记,张健,金华市委副书记、市长,2024,2024-02-22 00:00:00,1.0,召开金华巴中东西部协作暨革命老区重点城市对口合作党政联席会；要进一步理清重点合作领域和方向，推动两地在产业、科技、文化、人才等领域深入合作；坚定走创新驱动、转型升级、高质量发展之路,否,区域规划；宏观经济；贸易金融；科技通信；教育；劳动就业；文化旅游
5月19日，达州市重点产业（轻纺服饰）投资推介会在浙江省杭州市举行。市委副书记、市纪委书记、市监委主任熊隆东出席并讲话。中国服装协会副秘书长杜岩冰到会祝贺。。达州纺织文化历史悠久，产业基础坚实。致力打造中国西部国际服饰产业基地的渠县，已形成“纺织生产——布品印染——服装加工——品牌集聚”全产业链体系。受市委书记邵革军、市长严卫东委托，熊隆东代表市委、市政府和全市700万人民，向参会嘉宾、企业家朋友表示热烈欢迎，对大家长期以来给予达州的关心和支持表示衷心感谢。。熊隆东指出，这次推介会是达州以实际行动落实四川省党政代表团赴浙江学习考察活动要求的务实之举，也是达州推进纺织服饰等重点产业发展迈出的重要一步。当前达州发展逢天时、享地利、得人和，衷心希望广大客商抢抓国内国际“双循环”机遇，加速到达州布局纺织服饰产业。达州将提供优良的营商环境和便捷高效的政务服务，全力支持全国各地客商来达投资兴业，真诚期待更多企业、更多项目落户达州，共同分享达州改革发展红利，共同开创合作发展、互利共赢的美好未来。。会上播放了宣传片《超越期待、共享共赢》，心里程控股、达圣纺织、香港泓任等企业作了交流发言。。当天上午，熊隆东、胡杰一行还走访了浙江达州商会，考察了浙江大地钢结构有限公司等企业。,达州市,杭州市,熊隆东,达州市市委副书记、市纪委书记、市监委主任,,,2020,2020-01-,1.0,对照学习借鉴浙江省在政府体制改革、数字化服务、法治政府建设、新时代民营企业发展等方面的先进经验和做法,是,政府运作；数字政府；司法犯罪；宏观经济
刘坪、罗振华率阿坝州党政代表团前往成都开展感恩回访和学习考察活动认真学习借鉴先进理念和经验做法 携手打造新时代区域协同发展新样板奋力推动新时代稳州兴州各项事业高质量发展_阿坝藏族羌族自治州人民政府。为认真落实省内对口支援帮扶和39个欠发达县域托底性帮扶部署要求，进一步深化成阿两地交流合作，12月18日，阿坝州党政代表团前往成都市开展感恩回访和学习考察活动。省委副书记、成都市委书记施小琳会见省人大常委会副主任、州委书记刘坪一行并参加有关活动。。成都市委副书记、市长王凤朝，州委副书记、州长罗振华，州委副书记杜海洋参加有关活动。。会见中，施小琳代表成都市委、市政府对阿坝党政代表团一行表示欢迎，施小琳说，当前，成都正深入学习贯彻习近平总书记来川视察重要指示精神和中央经济工作会议精神，认真落实省委“四化同步、城乡融合、五区共兴”战略部署，深入实施产业建圈强链行动，一体推进科技创新和科技成果转化，加快构建现代化产业体系，推动“四大结构”优化调整，促进城乡融合、区域协调发展，扩大高水平对外开放，着力保障和改善民生，牢牢守住安全底线，不断擦亮“雪山下的公园城市、烟火里的幸福成都”名片。近年来，阿坝州在生态保护治理、壮大生态经济、深化民族团结等方面取得了显著成绩。推动对口交流、深化成阿合作，既是成都义不容辞的政治责任，也是实现高质量发展的重大机遇。希望双方进一步深化协同联动，在基础设施建设、绿色低碳产业发展、文旅资源激活开发、公共服务共建共享、人才交流互派等领域深化交流合作，促进区域协调发展向更高水平迈进，更好地服务国家战略全局和全省发展大局。。刘坪代表州委、州政府对成都市长期以来给予阿坝的支持帮助表示感谢。他说，成都阿坝既是近邻更是近亲，成阿携手发展历史源远流长。自结对帮扶开展以来，成都坚定扛起先富帮后富的政治责任，真金白银投入、真情实意帮扶马尔康、小金、松潘、九寨沟、黑水5个县（市），为阿坝经济社会高质量发展贡献了智慧和力量。特别是成都市先后选派多名干部人才到阿坝挂职帮扶、智力援助，用真情无私奉献、用真心书写忠诚，在雪域高原续写着对口支援的绚丽篇章，阿坝人民永远铭记、永远感恩。他表示，省委十二届四次全会，作出以县域为重要切入点，扎实推进城乡融合发展的决策部署，这为我们双方加强战略合作指明了新方向、赋予了新内涵。希望双方能立足成都发展优势和阿坝资源禀赋，抓紧抓实抓细对口帮扶各项工作，建立更宽领域、更深层次、更高水平合作机制，持续加强特色农牧业、文化旅游、光伏能源等方面深度合作，进一步强化重大互联互通基础设施交流对接，继续加大“组团式”教育医疗帮扶力度，不断深化城乡融合发展合作，携手开创跨区域协调发展新局面。。考察期间，刘坪、罗振华一行先后前往成都市彭州市、崇州市、大邑县、邛崃市、新津区等地，与当地干部群众深入交流，详细了解成都市在城乡融合发展、乡村振兴、产业培育、文旅融合等方面的先进经验和成功做法。刘坪表示，成都历史悠久、资源富集、人杰地灵，是西部地区产业发展水平最高、产业融合最紧密、科技应用最广泛、城乡融合最好、城乡比差最小地区。此次到成都，是一次学习先进之行，在推进城乡融合发展和乡村全面振兴过程中，要认真学习借鉴成都的先进理念和经验做法，结合阿坝实际，进一步拓展思路、查找短板，有效解决在城乡融合发展和乡村振兴中出现的实际问题，为加快建设现代化新阿坝贡献智慧与力量。。州领导冯宇、李昱隆、旺娜，马尔康市、小金县、松潘县、黑水县、九寨沟县党委主要负责同志，州级相关部门主要负责同志参加考察；成都市领导刘玉泉、杜海波参加有关活动。（记者 陈钊 唐冲 杨栋梁）,阿坝藏族羌族自治州,成都市,刘坪,阿坝州州委书记,施小琳,四川省委副书记、成都市委书记,2018,2018-12-18 00:00:00,1.0,在基础设施建设、绿色低碳产业发展、文旅资源激活开发、公共服务共建共享、人才交流互派等领域深化交流合作；产业培育、文旅融合；,否,区域规划；宏观经济；农林牧渔；文化旅游
由125名师生组成的 “台湾学生天府夏令营活动”交流团将于7月27日至8月1日来川参加夏令营活动。今（27）日中午，交流团将抵达成都。。此次夏令营活动是“天府四川宝岛行”活动成果的体现。通过夏令营活动，促进川台两地师生的沟通交流，增进台湾同胞对四川，特别是地震灾区灾后蓬勃发展、欣欣向荣新四川的了解，增强对祖国大陆的认同。 2010年5月23日至28日，应中国国民党中央委员会邀请，中共四川省委书记刘奇葆率四川参访团到台湾，举办以“感恩致谢、交流合作”为主题的“天府四川宝岛行”活动。前往南投县学习考察台湾“9·21”地震灾后重建经验，是“天府四川宝岛行”活动的一项参访交流内容。活动中，刘奇葆代表四川灾区人民邀请南投县、高雄县、屏东县“9·21”地震灾区和“8·8”风灾灾区的100名中小学生今年暑假到四川参加夏令营，跟四川的小朋友一起交流。刘奇葆说，我相信你们一定会喜欢四川，四川是一个风景秀美、文化深厚的地方，希望你们带着一颗愉快的心去，带着一脸灿烂的微笑回来。 此次来川的“台湾学生天府夏令营活动”交流团，由台湾民意代表马文君女士任团长，团员分别来自南投县埔里小学、大成中学、屏东县林边中学和仁和、崎峰、竹林、水利、大潭等小学，以及高雄县纳马夏乡师生，共计125人。 在为期6天的夏令营活动期间，交流团一行将与成都市泡桐树小学师生进行交流互动；到省科技馆开展体验活动；前往北川“5·12”地震遗址和新县城参观考察；参访杜甫草堂、武侯祠和熊猫基地，了解古蜀文化，与大熊猫亲密接触。,"南投县,高雄县,屏东县",成都市,马文君,台湾民意代表,,,2010,2010-07-00 00:00:00,6.0,由于南投县和高雄县是2010年921地震灾区，熊猫基地是四川的“明星项目”，希望透过这次的夏令营活动让台湾师生重新认识灾后重建的四川；增进台湾同胞对四川，特别是地震灾区灾后蓬勃发展、欣欣向荣新四川的了解；了解古蜀文化，与大熊猫亲密接触,否,文化旅游；区域规划；社会政策
6月13日上午，泸州市委书记蒋辅义主持召开市委全面深化改革领导小组会议，专题听取该市商务局、市酒发局关于酒业、机械制造业国外考察概况和拓展国外市场情况的汇报。按照泸州市委要求，市商务局、市酒发局将主动适应和把握白酒国际化大趋势，全面提升泸酒开拓创新能力，助力泸酒开拓国际市场。 一是加快国外市场拓展。推广中式生活方式和泸酒文化，培养西方消费群体泸酒消费习惯；发挥国窖会作用，建立东京分会和首尔分会，突出酒文化输出；借助英国、韩国等主流社会人脉资源，推动泸州老窖进入西方主流社会；加快泸州老窖海外经销商和经销网络体系建设，力争“凡华人之所到，必有泸州老窖”。以三年规划为起点，2016年投入1000万元，年均增长20%，把泸州老窖和国窖1573打造成国际顶级白酒品牌，实现国际市场持续纵深发展，以国际市场反哺国内市场。 二是加快泸酒产品创新。创新泸酒产品，主动迎合第二代、第三代华裔和国外年轻消费者饮用习惯；开发赋予中国元素、迎合夜场需求、香味口感可接受的新型白酒、中式鸡尾酒等产品；推动泸州老窖收购俄罗斯酒企，加快俄罗斯市场新品研发步伐；加强与海底捞等跨国中餐企业合作，开发店面现场调制和当地饮料混饮产品；加快与首都酒坊等白酒消费新型场所合作，推广泸酒产品。通过稳定香港、美国、加拿大等成熟市场，开拓欧洲、非洲和东南亚等新兴市场，实现泸州老窖率先突破，发挥泸酒产品国际市场核心竞争优势。 三是加快泸州品牌铸造。发挥泸州浓香型白酒原产地优势，铸造泸州酒区域品牌；强化“酒博会”品牌宣传，邀请境外客商来泸参展；推动泸州酒业协会与境外酒类行业协（商）会合作，扩大行业间、企业间学习考察、合作交流；组织白酒企业抱团参加国外展会，通过举办品鉴会、消费者会员会等，提升泸酒国外市场品牌影响力。,泸州市,东京、首尔等多个国外城市,,,,,2016,2016-07-01 00:00:00,1.0,全面提升泸酒开拓创新能力，助力泸酒开拓国际市场；向外学习先进技术和管理经验，推动泸州白酒产业转型升级,否,宏观经济；贸易金融；劳动就业
7月3日至4日，达州市委副书记、市长包惠带队前往重庆市，考察学习物流园区规划建设、产业发展、经营运行等方面的成功做法和先进经验。包惠强调，达州是川渝鄂陕结合部物资集散地，各级各有关部门要认真学习借鉴重庆以及其它地区的成功经验，大手笔规划建设好物流园区，推动现代物流业快速发展。市委常委、常务副市长段再青，副市长胡杰一同考察。 两天里，包惠一行实地参观考察了重庆西部物流园和秀山（武陵）现代物流园区。 重庆西部物流园位于重庆市沙坪坝西永组团，规划面积33平方公里，项目总投资预计1100亿元，由物流、商贸、城市发展三大版块组成。项目全面投入运营后，可实现年销售额及产值3000亿元以上。在参观了大川国际建材城、重庆重铁巨龙储运有限公司，听取了重庆西部物流园规划、招商项目、优惠政策等情况介绍后，包惠称赞重庆西部物流园规划起点高，建设手笔大，抢占了西部地区现代物流业制高点，给达州提供了有益的参考和借鉴。 位于重庆市秀山土家族苗族自治县的秀山（武陵）现代物流园区是重庆市率先挂牌的市级重点物流园区，以专业市场为核心，铁路物流为重点，仓储配送为依托，集交易、配送、仓储、加工、会展等功能为一体。目前，共有23家企业、15家物流企业、3789家经营户入园经营。在秀山（武陵）现代物流园区，包惠一行先后考察了秀山中药材电子交易中心、武陵名特优农产品总汇、武陵工矿产品交易展示厅和铁路物流园区等，详细询问园区规划建设和开发运作模式，称赞该物流园区规模大、设施齐、功能全、辐射效果好，秀山在发展物流产业方面的成功经验值得学习。 考察中，包惠要求考察团成员要认真学习借鉴重庆在物流产业、专业市场建设方面的发展魄力、崭新理念和成功经验，统筹规划、科学布局，高标准、大手笔推动达州现代物流园区建设，加快建设秦巴地区生产性服务业中心。,达州市,重庆市,包惠,达州市委副书记、市长,段再青,重庆市市委常委、常务副市长,2018,2018-07-03 00:00:00,1.0,考察学习物流园区规划建设、产业发展、经营运行等方面的成功做法和先进经验；高标准、大手笔推动达州现代物流园区建设，加快建设秦巴地区生产性服务业中心,否,区域规划；宏观经济；交通运输
9月14日，省委副书记、省长蒋巨峰率四川省党政代表团，前往河南省感恩致谢，学习考察。在河南省委副书记、省长郭庚茂的陪同下，代表团参观了郑东新区、中铁隧道装备制造有限公司和河南博物院。 “河南正在建设郑州新区，实施郑州开封一体化发展，我想请教三个问题－－新城规划如何规避堵车、水淹、环境污染等问题？新区规划如何解决新型产业形态的支撑？城市组团式发展有哪些经验和不足？”落座郑东新区，蒋巨峰开门见山地就我省规划天府新区正在思考的问题向河南取经。 郭庚茂认为，新区建设最核心的问题就是解决城市化和工业化的良性互动，建立良好的城市形态，既要避免大城市病，又要避免小城镇过多过密。郑州新区的做法是核心带动、节点提升、三化协调、产城互动。 郑东新区分为5个功能区：中央商务区、商住物流区、龙湖区、龙子湖高校园区、科技物流园区。截至2010年底，累计完成固定资产投资987亿元，引进各类金融机构73家，世界500强企业25家。走在郑东新区的核心区，两环高层建筑临湖矗立，内环建筑高80米，外环建筑高120米，郑州国际会展中心、河南艺术中心、千玺广场三大标志性建筑坐落在建筑群中心。蒋巨峰咨询郑东新区的规划建设情况、产业形态，并称赞规划大气，值得四川学习。 中铁隧道装备制造有限公司去年生产盾构机23台，占到全国总产量的三分之一。他们的盾构产品广泛应用于北京、天津、重庆、沈阳、郑州等城市的地铁、市政、水利、核电等工程建设上。代表团走进车间，为郑州地铁订制的3台盾构机正在紧锣密鼓的生产中。蒋巨峰说，国内企业能够在这一领域内拥有自主知识产权，很了不起。 河南是文化资源大省。代表团还考察了河南博物院，博物院绿草成茵，环境幽雅，展厅内部陈列精致，文物数量质量之高，充分体现了源远流长的中原文化特色。据介绍，从上古时候起，地处黄河流域的河南省就是中华民族的发源地之一，境内的洛阳、开封、安阳，都曾是历史上的都城。虽然黄河的泛滥和战争摧毁了人们一次次建立在这里的都城，但他们所创造的无数文化载体却存留了下来。蒋巨峰说，来河南上了一堂生动的历史课，河南在民族文化上的保存、挖掘为中华民族的伟大复兴注入了文化力量。 省委常委、副省长魏宏，省政府秘书长于伟参加考察；河南省委常委、副省长李克，副省长张大卫，省政府秘书长安惠元陪同考察。 （记者 李秋怡）,成都市,郑州市,蒋巨峰,四川省省长,郭庚茂,河南省委副书记、省长,2016,2016-09-14 00:00:00,1.0,方核心带动、节点提升、三化协调、产城互动；城市化和工业化的良性互动；民族文化,否,区域规划；宏观经济；文化旅游；环境保护
为贯彻落实教育部《关于开展校外培训机构专项治理“回头看”活动的通知》、《做好2019年中小学生暑假有关工作的通知》精神，巩固校外培训机构治理成果，进一步规范校外培训机构办学行为，四川省通过“访、问、查、治”等方式开展暑期校外培训机构专项治理行动。。一是明察暗访。派出省级教研专家、记者，通过现场追踪、暗访学生、走访调查、倒查台账等方式，重点对成都、绵阳等地10余家校外培训机构培训内容进行随机暗访，重点暗访学科类培训课程是否到教育行政部门审查备案、培训内容是否存在超前超纲、强化应试等问题，通过四川日报、教育导报公开曝光7家校外培训机构违规办学行为，并督促进行严肃处理。。二是问诊把脉。主动配合省政协将校外培训机构治理工作列入省政协年度调研计划，由省政协副主席亲自带队深入成都、绵阳、遂宁等地实地视察，指导各地持续治理校外培训机构，并组织部分省政协委员赴湖北黄石、青海西宁学习考察，形成视察监督报告；召开省政协“校外培训机构治理情况”视察监督意见反馈会，分管副省长专题汇报，相关厅局回应发言，“问诊把脉”校外培训机构治理工作。。三是联合排查。下发《关于开展假期校外培训机构专项排查的通知》，指导市（州）教育行政部门会同市场监管、公安、消防、民政、人社以及街道、居委会等对辖区内校外培训机构暑假开展情况进行专项排查。同时，会同应急管理厅、省市场监管局、公安厅等部门组成三个检查组，分别对成都、广安、南充、雅安、遂宁、乐山、眉山、自贡、内江等市（州）50余家校外培训机构实地抽查，检查组通过查验办学资质、招生广告、学生登记册、培训内容等，重点对校外培训机构超范围经营、专任教师持有教师资格证情况、所聘外籍教师的资质情况、学科类培训机构有无超纲教学、提前教学、强化应试、虚假招生宣传、消防安全、安全管理等问题，及时摸清问题底数，坚决堵塞校外培训机构风险点。。四是分类治理。针对此次排查出来的无证无照经营、教师无证授课、强化应试、超前超纲、虚假宣传等违规办学行为，采取责令立即停止办学、限期整改等方式分类治理，加强过程监管，及时消除隐患。截至目前，此次专项整治活动中规范校外培训机构100余所，查处无证无照非法经营机构30余所，纠正对外招生宣传以及微信群、qq群、网页等虚假宣传10余所，有效遏制了校外培训机构“死灰复燃”现象，为营造规范健康育人氛围、减轻学生课外负担起到积极作用。,达州市,,杨克宁,达州市市委常委、副市长,,,2013,2013-07-08 00:00:00,1.0,考察了达州市现代物流配送中心和达州市空港公路口岸物流园区规划建设现场,否,区域规划；交通运输
6月17日，正在新疆学习考察的省委副书记、省长蒋巨峰，在乌鲁木齐与新疆维吾尔自治区党委书记张春贤等领导举行会谈。双方表示，四川与新疆同属西部多民族地区，经济互补性强，都面临着西部大开发的重要机遇，合作前景广阔。 新疆维吾尔自治区党委副书记、自治区主席努尔·白克力，自治区党委副书记、新疆生产建设兵团政委车俊等参加会谈。 张春贤说，在四川省委、省政府的带领下，四川人民战胜了前所未有的自然灾害和许多困难，创造了抗震救灾、灾后恢复重建和大灾之后加快发展的奇迹。四川省统筹科学救灾、科学重建、科学发展，推动全省各项事业发展取得重大成就，令人赞赏，值得钦佩。中央新疆工作座谈会以来，新疆进入了发展的新时期新阶段，正在奋力推进科学跨越，后发赶超，各项工作取得了新进展、新突破、新成效。加强新疆与四川的交流合作，符合市场经济规律和区域经济一体化的要求，符合两省区扩大开放的战略。 张春贤希望在以下方面加强与四川的合作：加强能源合作，主要是新疆准东—四川成都±1100千伏特高压直流工程建设；诚挚邀请四川代表团参加第二届中国—亚欧博览会；加强科技、人才和劳务合作，充分发挥四川自主创新能力较强的优势，加强科技人才交流，四川有大量在疆务工人员，希望进一步加强劳务合作；加强旅游合作，在互送客源等方面进行深度合作；加强对口援建经验交流，四川在震后对口援建中积累了很多宝贵经验，建立了一系列有效的体制机制，值得新疆学习借鉴。 蒋巨峰说，四川省经济社会发展取得的成绩与新疆的支持密不可分。特别是在汶川地震发生后，新疆大力支持四川抗震救灾和灾后恢复重建，我代表四川省委、省政府，对自治区党委、政府和新疆人民表示真诚的感谢。 蒋巨峰说，近两年来，新疆经济社会发展取得了辉煌成就，充分体现了新疆贯彻落实科学发展观、优化经济结构所取得的成果，在经济发展过程中取得的好经验、好做法，值得我们学习借鉴。我们为新疆发展取得的成绩深感高兴和振奋。 蒋巨峰表示，四川和新疆两省区经济互补性很强、交流合作由来已久，各自有着众多优势，全方位加大两省区交流合作的前景非常广阔。四川众多企业以及经商人士在新疆有着很好的发展，新疆企业在四川的发展也有了长足进步。希望进一步推进两省区包括与兵团的合作向纵深发展，充分发挥资源、人才、市场、区位等优势，在新一轮西部大开发中，优势互补，互惠互利。 新疆维吾尔自治区领导朱海仑、白志杰、库热西·买合苏提、胡伟、刘晏良，四川省政府秘书长于伟参加会谈。,四川省,新疆维吾尔自治区,蒋巨峰,四川省省委副书记、省长,张春贤,新疆维吾尔自治区党委书记,2011,2011-06-15 00:00:00,3.0,加强能源合作......；加强科技、人才和劳务合作，充分发挥四川自主创新能力较强的优势，加强科技人才交流，四川有大量在疆务工人员，希望进一步加强劳务合作；加强旅游合作，在互送客源等方面进行深度合作,否,区域规划；宏观经济；能源利用；劳动就业；旅游文化；科技通信
9月14日，省委副书记、省长蒋巨峰率四川省党政代表团，前往中原大地河南省感恩致谢，学习考察河南推动科学发展的经验，促进两省交流合作。14日下午，两省在郑州举行经济社会发展情况座谈会。蒋巨峰和河南省委副书记、省长郭庚茂出席座谈会并讲话，河南省委常委、副省长李克主持座谈会。 蒋巨峰鞠躬感谢河南在汶川地震后伸出援手。“这份无疆大爱，我们永远铭记。”蒋巨峰说，四川灾后恢复重建取得了决定性胜利。去年9月底如期实现了中央提出的“三年目标任务两年基本完成”的要求。再过半个月，将全面完成国家重建规划确定的目标任务。通过近三年的努力，灾区发生了脱胎换骨的巨大变化，经济快速发展，社会和谐稳定，重新焕发出蓬勃生机和旺盛活力。 蒋巨峰说，虽然汶川特大地震给四川人民生命财产和经济社会发展造成了巨大损失，但四川经济社会发展的基本面并没有改变，四川作为西部投资首选地的地位越来越凸现。今年以来，面对极其复杂的经济形势，四川牢牢把握“高位求进、加快发展”的工作基调，抢抓灾后恢复重建、西部大开发、成渝经济区建设等重大机遇，全省经济继续保持了向好发展的态势。 蒋巨峰说，四川、河南两省都有很丰富的资源，良好的产业基础，经济互补性很强。对口援建又进一步加深了两省交流合作的感情基础。蒋巨峰对两省进一步合作提出三点建议：一是推动对口支援向长期合作转变；二是加强两省经济合作交流；三是加强两省高层互访互动。 郭庚茂代表河南省委省政府对四川省党政代表团的到来表示欢迎。他说，汶川地震发生后，河南伸出援手，完成了中央下达的各项任务，灾区发生了巨大变化，由衷地感到高兴。河南的干部在灾区得到了锻炼，群众得到了教育，也借此机会，表示感谢。 郭庚茂说，河南是全国第一人口大省、全国农业大省、全国重要的经济大省和新兴工业大省、全国有影响的文化大省，又地处中部之中。四川是“天府之国”，在抢抓新一轮西部大开发等重大战略机遇，应对国际金融危机，大力推进成渝经济区和成都市统筹城乡综合配套改革试验区建设，打造西部经济发展高地等方面取得了巨大成就。四川人民在特大自然灾害面前表现出的宝贵精神值得学习，在“高位求进、加快发展”中创造的宝贵经验值得借鉴。 四川省委常委、副省长魏宏，省政府秘书长于伟；河南省副省长张大卫、省政府秘书长安惠元出席座谈会。 （记者 李秋怡）,绵阳市,郑州市,蒋巨峰,四川省省委副书记、省长,郭庚茂,河南省委副书记、省长,2010,,,学习考察河南推动科学发展的经验，促进两省交流合作；汶川地震发生后，河南伸出援手；,否,宏观经济；应急事件；
根据四川省旅游发展委关于《办好2019年部分重要旅游节会活动的通知》（川旅发〔2018〕112号）精神，2019年四川国际文化旅游节将于2019年6月-8月期间在我市举办。为全力确保该活动成功举办，我市高度重视、及时部署，第一时间启动相关筹备工作。 四川国际文化旅游节是四川省旅游领域最具影响力的节会活动之一，也是中国西部旅游高端专业的国际性旅游节会，每届的举办地都将成为全省、全国乃至国际旅游界关注的中心。在众多竞争市州之中，自贡以其独特的文旅资源、朝气蓬勃的旅游发展态势以及2018四川国际文化旅游节分会场成功举办的良好收效，争取到2019四川国际文化旅游节举办地，市委、市政府高度重视，李刚书记、树平市长分别做出指示，要高度重视活动筹备工作，做到早部署、早安排，倒排工期，挂图作战。市委常委、宣传部部长唐杰，市委常委、副市长杨智艳亲自审阅总体方案，专题研究布置相关工作。 按照市委市政府工作要求，为切实推进各项筹备工作，市旅发委主任邓玲带队先后前往绵阳市、德阳市学习考察2018年国际文化旅游节、第六届四川温泉旅游节，就举办模式、资金筹措、特色亮点等与举办方做了深入交流学习。市旅发委、市商务局、市文广新局、大安区政府等主要承办单位迅速行动，积极主动参与到各项筹备工作中，结合实际就活动举办提出了建议意见。在充分借鉴兄弟市州活动经验和我市“2018四川国际文化旅游节分会场——华侨城·自贡国际恐龙灯光节”举办成果基础上，市旅发委牵头相关单位，提出了2019四川国际文化旅游节总体概念性方案，并按程序报经省文化和旅游厅、市委、市政府相关领导审示完善，拟于近期向省文化和旅游厅专题汇报活动筹备情况，听取建议意见。待概念性方案修定完善后，将经招投标确定策划公司修定编制最终方案。 四川国际文化旅游节作为全省最重要的国际性会节活动，旨在以节为媒，促进旅游与文化的深度融合，提升四川形象，打造举办地文化旅游品牌，积极推进四川融入国家“一带一路”发展战略，全面推进旅游强省和世界旅游目的地建设。我市作为2019年四川国际旅游节举办地，是顺应新形势下全域旅游发展的需求，将有力推动我市旅游经济增长，促进我市旅游基础设施和旅游环境质量提升，有力提高自贡“盐龙灯食”四张旅游名片的美誉度和知名度。,自贡市,绵阳市,邓玲,自贡市文化旅游和商务局局长,,,,,,筹备2019年四川国际文化旅游节,否,文化旅游；财政
9月1日上午，率四川省党政代表团在浙江学习考察的省委书记王东明，在杭州会见了长三角地区部分知名企业、商协会负责人。 王东明说，长三角地区是我国改革开放前沿，也是四川开放合作的重点区域之一。四川是中国的经济大省、人口大省、资源大省和科教大省，经济社会发展态势良好，已经成为国际国内投资的热点地区。特别是四川正处于工业化、城镇化“双加速”时期和要素驱动为主向创新驱动为主转变的关键时期，又面临国家深入实施西部大开发战略、布局建设成渝经济区，规划建设“一带一路”及长江经济带等重大机遇；在党中央、国务院的关心支持下，天府新区已上升成为国家级新区、成都新机场获批立项建设、绵阳科技城享受中关村先行先试政策、成都高新区获批国家自主创新示范区，等等。这些都为四川经济社会持续健康较快发展注入了新的动力与活力。 王东明表示，我们期待进一步深化与长三角地区的交流合作，热忱欢迎长三角地区工商界朋友来川投资兴业，积极参与四川优势产业提升、创新驱动发展、消费市场升级和全面深化改革，更好地与四川开展全方位多领域合作，共享发展机遇、实现互利共赢。我们将致力于打造公平竞争的市场环境、公正透明的法治环境、宽松优惠的政策环境、高效廉洁的政务环境，让大家在四川放心创业、舒心生活。 正泰集团董事长南存辉、太平洋建设集团创始人严介和、美中贸易全国委员会上海首席代表彭捷宁、娃哈哈集团董事长宗庆后、摩根大通银行中国区总裁高培德等表示，四川是中国西部地区的龙头省份，发展势头良好、产业体系完备、科教实力较强，特别是投资环境优越，是长三角地区企业投资布局的重点地区之一，许多入川发展的长三角地区企业都已取得良好的业绩。此次四川省党政代表团前来浙江考察访问，给我们提供了一次与四川有关地区和部门近距离接触、面对面交流的宝贵机会，也更加坚定了我们加强与四川合作的信心。我们愿意立足已有合作基础，更好地发挥自身优势，不断扩大在川投资规模、拓展合作领域，带动更多企业入川发展，为四川经济社会发展作出更大贡献。 省领导吴靖平、甘霖和成都市市长唐良智会见时在座。苏宁云商集团、康恩贝集团、霍尼韦尔、联邦快递、可口可乐、杜邦公司、如新集团、帝亚吉欧、仲量联行以及上海、江苏、安徽、浙江四川商会负责人参加会见。 （记者 张宏平）,眉山市,上海市,罗佳明,眉山市市委副书记、市长,沈晓明,浙江省委常委、常务副省长,2019,2019-06-06 00:00:00,1.0,就“运动眉山”建设与“全域旅游”发展等进行调研考察；探访了宁波高新区、宁海县的“运动员公寓”，考察了长三角数字经济助力新型城镇化建设现场会；,是,区域规划；文化旅游；数字政府；
西安市党政代表团来蓉考察 黄新初魏民洲唐良智董军出席两市座谈会 7月8日至9日，陕西省委常委、西安市委书记魏民洲，西安市委副书记、市长董军率党政代表团来蓉考察城市规划建设、创新发展和重点项目建设工作。四川省委常委、成都市委书记黄新初，成都市委副书记、市长唐良智陪同考察，并出席两市座谈会。 座谈会上，黄新初代表成都市委、市政府，对西安市党政代表团来蓉考察表示欢迎。他说，西安是成都的好邻居、好伙伴、好朋友。近年来，成都、西安这两座中国西部的历史文化名城，一路走来，相依相伴，携手实现了新的发展。特别是西安在千年古都加快推进现代化和国际化建设实践中，取得了经济繁荣、社会和谐、城市现代、民生幸福的卓越成就，呈现出古代文明与现代文明交相辉映、老城区与新城区各展风采、人文资源与生态资源相互依托的城市特色。西安市创造出的鲜活经验，值得成都认真学习、主动对标。 黄新初说，成都与西安在国家“一带一路”战略中，机遇相近、任务相仿、责任相当，加强两市党政交往、经贸合作、学习借鉴，既顺应全国区域经济深刻变化的大趋势，也符合两市人民的热切期待和共同福祉。代表团此次来蓉考察，为成都提供了一次近距离学习兄弟城市的机会，必将开启两地合作交流的崭新篇章。希望两市党委、政府和相关部门积极构筑交流平台，完善合作机制，加强互访沟通，扩大友好往来，在更宽领域、更深层面、更高水平上打造内陆城市合作的成功典范。 魏民洲说，代表团此行是肩负着使命和重托来蓉学习考察。成都和西安，都是省会城市，同为历史文化名城，同是国家“一带一路”战略的重要支点城市，在西部地区都具有区域中心枢纽作用，在产业发展方面也有很多相似之处。加强两市交流合作，意义深远，前景广阔。 魏民洲说，两天考察时间虽然不长，但代表团一行深刻感受到了成都城市面貌发生的巨大变化、经济社会发展创造的新理念和好经验、干部队伍展现出的良好精神风貌，这些都值得西安认真学习借鉴、充分消化吸收。希望西安和成都两市在已有合作基础上，进一步加强经济合作、文化交流和人才互助，积极构建互惠互利的城市友好合作关系，让两市的兄弟情义得到不断巩固和深化，共同为国家“一带一路”战略实施作出更大贡献。 在蓉期间，西安市党政代表团一行考察了高新视窗、天府软件园、天府创业场、一汽丰田汽车公司、沃尔沃汽车成都制造基地、曹家巷旧城改造项目、成都铁路口岸、成都铁路集装箱中心站、国际展览展示中心、成都科学城、成都规划馆等点位，成都经济社会发展的生动实践，给代表团成员留下了深刻印象。 成都市领导朱志宏、刘仆、吴凯、王波、刘守成、杨林兴等分别陪同考察和参加座谈。西安市领导韩松、赵红专、吕健、方光华参加考察和座谈。,西安市,成都市,魏民洲,西安市委书记,黄新初,四川省委常委、成都市委书记,2016,2016-07-08 00:00:00,2.0,考察城市规划建设、创新发展和重点项目建设工作；在国家“一带一路”战略中,否,宏观经济；区域规划
9月29日上午，率四川省党政代表团在广东学习考察的省委书记王东明，在广州会见了珠三角地区部分知名企业和商协会负责人。 王东明说，珠三角地区一直是我国改革开放的先行区和最前沿，也是四川省交流学习、开放合作的重点区域。四川和珠三角地区经济互补性强，交流合作起步早，经贸往来十分密切。当前，国际国内经济下行压力仍然较大，推动经济保持中高速增长、迈向中高端水平，实现转型升级和可持续发展的任务十分紧迫。四川既面临与全国其他省份相同的宏观大环境，也具有自己独特的省情和发展条件。从发展阶段看，四川正处于工业化、城镇化“双加速”时期，在保持必要投资强度、加快实体经济发展和基础设施建设等方面还有较大空间。从国家重大发展战略看，四川处于陆上丝绸之路和海上丝绸之路的交汇点，是长江经济带的战略支撑，也是连接西南西北、沟通中亚南亚东南亚的交通走廊，当前和今后一个时期正面临国家实施新一轮西部大开发、规划建设“一带一路”和长江经济带等战略机遇。从发展动力和政策支持看，国家对四川创新驱动、转型发展高度重视，给予了一系列重大政策支持。特别是最近中央出台了在部分区域系统推进全面创新改革试验的总体方案，将四川列为全面创新改革试验区域，必将为四川进一步发挥科技创新带动引领作用，推动经济转型升级和持续健康较快发展注入强大动力活力。这些都为珠三角地区工商界继续深化与四川的交流合作提供了重大机遇和广阔平台。 王东明说，奋力爬坡过坎、加快转型升级的四川，产业结构更优、经济质量更好、发展后劲更足。真诚希望珠三角地区各位企业家一如既往地关心四川关注四川，到四川投资发展、创业兴业，积极参与四川优势产业发展，大力开展高端成长型产业和新兴先导型服务业领域的合作；积极参与四川消费市场升级，大力开展商贸、文化、旅游等领域合作；积极参与四川全面创新改革和对外开放，大力开展全方位多领域合作。四川各地各部门将致力于打造公平竞争的市场环境、公正透明的法治环境、宽松优惠的政策环境、高效廉洁的政务环境，让大家在四川放心发展、舒心生活，实现携手发展、互利共赢。 会见中，南方航空集团总经理司献民代表与会企业发言。他表示，长期以来，珠三角地区工商界与四川保持了良好的合作关系，取得了许多务实成果。四川产业基础良好、发展潜力巨大、投资环境优越，当前还面临一系列重大发展机遇。王东明书记此次率四川省党政代表团前来广东考察，进一步增强了珠三角地区工商界加强与四川交流合作，加快到四川投资发展的信心。我们将立足现有合作基础，充分发挥各自优势，推动与四川的交流合作不断取得新的进展和成效。 省委常委、秘书长吴靖平，副省长甘霖，成都市市长唐良智参加会见。广汽工业集团、华侨城集团、香港世茂集团、平安保险集团、正威国际集团、广药集团、格力集团、碧桂园控股公司、捷普集团、唯品会、金发科技公司、深圳能源集团、温氏集团、深圳创新投资集团、毅德控股集团、白云电气集团、荷兰飞利浦研究院等企业、机构负责人和广东省总商会、华南美国商会、德国工商大会等商协会负责人参加会见。（记者 张宏平）,成都市,广州市,王东明,四川省省委书记,,,2016,2016-09-29 00:00:00,1.0,四川既面临与全国其他省份相同的宏观大环境，也具有自己独特的省情和发展条件。从发展阶段看，四川正处于工业化、城镇化“双加速”时期，在保持必要投资强度、加快实体经济发展和基础设施建设等方面还有较大空间；积极参与四川消费市场升级，大力开展商贸、文化、旅游等领域合作；,否,宏观经济；贸易金融；文化旅游；区域规划；土地
——访雅安市委书记徐孟加 记者：省第十次党代会提出“三个翻番”、“五个提升”的奋斗目标，雅安将怎样结合实际贯彻落实？ 徐孟加：省第十次党代会闭幕后，雅安立即召开市委常委会传达学习省第十次党代会精神。6月初，又召开市委常委(扩大)会议，要求全市各级党组织行动起来，迅速掀起学习、宣传、贯彻、落实省第十次党代会精神热潮。目前，全市正结合实际，以实际行动深入贯彻落实省第十次党代会精神。 雅安市第三次党代会确立的雅安未来五年的奋斗目标和发展思路，与省第十次党代会精神一致。从雅安在四川地位的特殊性来讲，我们要建国际化区域性生态城市。雅安的国际化区域性生态城市建设是四川建设西部经济发展高地的一个组成部分。 记者：省第十次党代会提出要成片推进新村建设，雅安将如何推进？ 徐孟加：首先，要利用城市城镇公共职能的辐射，包括村民的服务、公益性的设施建设等，都要符合现代生活标准和要求，加大城乡统筹力度，进一步弱化城乡二元结构。其次，雅安地广人稀，幅员辽阔，生态优越，在雅安广袤的农村进行生态村落建设，符合雅安实际。生态村落内涵丰富，既要保持原生态，又要居住适度集中，村民、民居与自然山河和谐一体。村民的生活是低碳、绿色的，污水处理也要按照生态处理标准，建筑按照绿色建筑标准，所有建设要完全符合产业绿色化、资源循环化、生产生活低碳化、民居与环境生态化的“四化”要求，实现良好的环境、人和生态和谐相处，这是现代社会追求的和谐境界。 6月中旬，雅安市党政考察团到成都双流县、乐山金口河区、凉山州德昌和西昌市进行考察学习。考察学习后很受启发，我们会将外地新村建设的好经验好做法嫁接在雅安优越的生态上，让雅安的新村建设走出一条更好更快的路子。 记者：雅安将采取哪些措施进一步实施和推进“两化”互动、统筹城乡战略？ 徐孟加：工业经济是雅安一切经济工作的生命线，只有工业经济的强力拉动，整个经济社会才能有效发展。“两化”互动首先要有工业化，特别是新型工业化。新型工业化发展起来，就需要有城镇化来承载工业化，城镇化必须是新型的城镇化，不是像原来一样，修火柴盒、修夹皮沟，人能住进去就行了。新型城镇一定要和生态融合，和农村居民非农就业融合，跟上新型工业化发展步伐，统筹发展，实现三产相融，配套发展，才能达到产城一体。 记者：雅安的产业核心竞争力主要体现在哪些方面？如何增强竞争力？ 徐孟加：雅安的主导产业以绿色低碳经济和现代服务业为主。雅安要坚持“要青山更要金山”的理念毫不动摇。从绿色低碳经济产业来讲，雅安的能源是零碳的，电力能源是零碳的，其他能源是低碳的。雅安的现代服务业以旅游业为龙头，向观光型高端度假旅游为目的地的新型产业转型。目前，雅西高速公路已经开通，乐山到雅安的高速公路今年也将开通，接下来还有一系列的高速公路、国省干道路、铁路等交通设施建设。我们将把雅安建成川西综合交通次枢纽地区，要大力发展雅安的现代物流产业，建成川西物流中心。 记者：雅安将如何增强城市和区域综合竞争力？ 徐孟加：雅安城市综合竞争力和区域综合竞争力体现在生态建设的基础上。雅安将建中国第一个零碳城市中心，集中大量的人才、信息和高端科研成果，雅安的区域综合竞争力会越来越强。 从产业角度讲，雅安的区域综合竞争力同样具有优势。全市农业生产已实现无公害，这为雅安打造“中国绿谷”提供了优势。碲资源是雅安的又一大财富，将为雅安打造“中国碲谷”带来机遇。 优越的生态是雅安的传家之宝、立市之基和发展之源，是国际化区域性生态城市建设的本钱和家底，要把加强生态建设作为转型发展的重要支点，发挥生态优势，发展绿色产业，积极探索生态城市发展新模式。,雅安市,成都市,徐孟加,雅安市委书记,罗强,成都市市长,2016,2016-06-16 00:00:00,1.0,深入推进新型城镇化建设；对现代产业园区建设，学习借鉴高新区用地规划，科学评估、合理布局项目用地；,否,住房；区域规划；土地
"8月22日，达州市委书记焦伟侠主持召开三届市委第29次常委扩大会议，就今年下半年工作进行了研究部署。焦伟侠强调，要进一步解放思想，扩大开放，找准突破口，加大工作力度，紧紧咬定发展目标不动摇，牢牢抓住重点工作不放松，攻坚克难，奋勇拼搏，推进全市经济社会加快发展。 何健、王川红、黄平林、段再青、杨娟、杨清华、古正举、陈中华、马骏、李天满出席会议，胥健、康莲英列席会议。 会议研究听取了市政府党组《关于全市经济运行情况及下半年工作安排的报告》。 焦伟侠首先肯定了全市上半年经济运行情况，认为上半年的工作为全年目标任务的完成打下了坚实基础。同时他也指出，经济运行中不稳定、不确定的因素很多，特别是我们在重点项目及投资上支撑乏力，保持经济平稳健康发展面临诸多挑战，一定要保持清醒头脑，增强危机感和紧迫感。 焦伟侠强调，要以科学发展为主题，以加快转变发展方式为主线，坚持加快发展的取向不动摇，坚持稳定增势、追赶跨越、加快发展的工作基调不动摇，坚持实现全年经济社会发展目标不动摇，抓住国家实施积极财政政策、稳健货币政策的有利条件，围绕贯彻落实全省有关重要会议精神的要求和部署，着力推进""两化""互动，产村相融，突出特色，走出一条加快发展、实现跨越的路子，努力化危为机，用好危中之机，实现弯道超越。 为此，焦伟侠提出，一要深入实施""两化""互动、统筹城乡发展战略。要加快""1+7""工业园区规划进度，做好产业布局。""传统产业新型化、资源产业循环化、新兴产业规模化""要以项目作为支撑，要变成一个一个具体的项目，不能停留在口头上。要着力推进主城区带动战略，大抓项目，抓大项目，推进产村相融战略。二要抓住投资拉动产业支撑的工作重点。在投资拉动上，要加快推进全市120个重点项目，拿出攻坚克难的勇气和魄力，按照""一企一策、一事一议""来推进，不能在面上作一般的部署和号召。要进一步解放思想，扩大开放，实施充分的开放合作战略，招大商、引大企，解决项目推进中的各种难题。农业上，要夯实点上的建设成就，在连线成片上有突破，在标准化、专业化、规模化上迈出大步。要为物流业的加速发展积极创造条件，将争取到的金融信贷支持落实到项目上。三要把握以人为本改善民生的根本目标。越是困难，越要关注民生，加大对民生的投入。四要确保完成稳定社会促进和谐的政治任务。 会议还研究听取了《赴安康、汉中、广元学习考察情况的汇报》、《关于全省产村相融成片推进新农村建设工作会议精神及我市贯彻建议的汇报》，并研究了其他事项。",达州市,,,,焦伟侠,达州市市委书记,,,,"深入实施""两化""互动、统筹城乡发展战略；在投资拉动上，要加快推进全市120个重点项目；越是困难，越要关注民生，加大对民生的投入；要确保完成稳定社会促进和谐的政治任务",否,宏观经济；社会政策；区域规划
为深入贯彻落实习近平总书记关于民营经济发展系列重要讲话精神和全省民营经济健康发展大会精神，进一步营造良好营商环境、支持民营经济健康发展，8月24日至29日，由省委组织部主办、省市场监管局承办的全省培育壮大民营经济专题研讨班在浙江省委党校举办。。全省各市（州）分管领导、部分市（州）民营办负责人、省民营经济和中小企业发展领导小组部分成员单位、部分省属高等院校、有关金融机构分管领导和民营企业家代表60人聚集杭州，深入探索“浙江现象”，研究“浙江模式”，学习“浙江精神”，研讨交流营造我省良好营商环境、支持民营经济健康发展的方法举措。。此次专题研讨班是一次深化落实中央和省委、省政府支持民营经济发展政策措施的学习之旅。研讨班紧紧围绕着浙江民营经济发展轨迹，从《“八八战略”与浙江发展》、《浙江经济创新发展与浙江精神》等课程辅导，到杭州（滨江）国家级高新技术开区物联网产业园区、杭州市富阳区行政服务中心学习考察，再到阿里巴巴蚂蚁金服Z空间、宇视科技参观交流，一段段生动的故事、一个个鲜活的事例、一家家蓬勃的企业，无时不在展示着浙江民营经济发展的活力与动力，多维度、多角度解读浙江省民营经济发展历程和宝贵经验，为促进我省民营经济高质量发展提供借鉴并启发思想，让学员受益匪浅、收获颇丰、感受良多。。随着进入最后的分组讨论阶段，各位学员踊跃发言、深入探讨，畅谈着此次培训的收获与心得体会。如何进一步促进我省民营经济健康发展，思想得到了碰撞、思路得到了明晰，信心得到了坚定。。中共遂宁市委常委、市委统战部部长杨军认为浙江省把中央精神和浙江实际紧密结合，解放思想，开拓创新，在制度创新、社会发展、基层民主、文化建设、党的建设等方面也创造了诸多经验，形成了经济社会发展的浙江模式，值得学习与深思。。成都理工大学党委常委、副校长郭朝辉认为优质人才是创新发展的不竭动力，高校将进一步转变观念、解放思想，加大与政府、企业合作力度，为四川民营经济发展培育更多具有企业家精神、工匠精神的开放性人才。。宜宾市人民政府副市长王力平认为“最多跑一次”改革作为浙江全面深化改革的重要突破口、“放管服”改革的精准抓手，经过探索实施，已经形成比较成熟的制度规范与标准体系，改革红利不断释放，积累了丰富的实践经验，对四川深化改革和营商环境建设具有积极的借鉴意义。。大道至简，实干为要。通过举办这次专题研讨班，对标浙江，映照自己，广大学员表示将进一步解放思想、敢于探索，求真务实、勇于创新，并在实际工作中认真应用研讨成果，不断开拓工作思路，敢于担当，积极作为，努力为推动我省民营经济高质量发展、推动治蜀兴川再上新台阶做出新的更大的贡献。,遂宁市,杭州市,杨军,中共遂宁市委常委、市委统战部部长,,,2022,2022-08-24 00:00:00,1.0,深入探索“浙江现象”，研究“浙江模式”，学习“浙江精神”，研讨交流营造我省良好营商环境、支持民营经济健康发展的方法举措；”制度创新、社会发展、基层民主、文化建设、党的建设等方面；“最多跑一次”改革作为浙江全面深化改革的重要突破口、“放管服”改革的精准抓手,是,区域规划；宏观经济；政府运作；文化旅游；数字政府；司法犯罪
5月29日下午，四川省甘肃省在成都举行脱贫攻坚工作交流座谈会。四川省委书记彭清华会见甘肃省委副书记、省长唐仁健及甘肃省代表团。四川省委副书记、省长尹力，唐仁健出席座谈会并讲话。四川省委副书记邓小刚、甘肃省委副书记孙伟出席。 会见中，彭清华、唐仁健围绕进一步提升四川与甘肃全方位合作水平，特别是加大精准脱贫攻坚工作交流力度、推动基础设施互联互通、促进区域协调发展、提升产业合作层次以及加强科技、教育、文化、旅游等方面合作，深入交换了意见。 座谈会上，尹力代表省委、省政府欢迎唐仁健一行来川调研，对甘肃长期以来对四川经济社会发展给予的帮助支持表示感谢。他说，今年春节前夕，习近平总书记来川视察并主持召开打好精准脱贫攻坚战座谈会，强调要把提高脱贫质量放在首位，聚焦深度贫困地区，扎实推进各项工作，全面打好脱贫攻坚战。四川认真贯彻落实总书记重要讲话精神和党中央的部署安排，下足“绣花”功夫，深入推进精准扶贫精准脱贫。甘肃省代表团来川交流，是对四川扶贫脱贫工作的进一步检验，是兄弟省份之间的工作互动切磋，也是对四川工作的激励和支持。四川一定再接再厉，进一步加强扶贫脱贫工作，坚决打赢打好精准脱贫攻坚战。四川和甘肃同处西部，在“一带一路”建设和新一轮西部大开发中具有广阔合作前景，希望以甘肃省代表团来访契机，深化两省交流合作，围绕产业发展、生态保护、文化旅游等不断拓宽合作领域、提升合作层次、健全合作机制，共同推动两省经济高质量发展。 唐仁健在讲话中说，四川的脱贫攻坚工作下足了“绣花”功夫，心到手到，绣出了一幅精美的“蜀绣”，创造了许多宝贵经验，对这次考察高度重视、精心安排，我们感到非常温暖、非常钦佩、非常受益、非常振奋，一定把四川的“真经”带回去，认真消化、吸收、运用，努力推动脱贫攻坚取得更大成效。甘肃新一届省委省政府以习近平新时代中国特色社会主义思想和党的十九大精神为指引，深入贯彻落实习近平总书记视察甘肃重要讲话和“八个着力”重要指示精神，正全力做好脱贫攻坚、生态保护、民族宗教和经济发展四篇文章。围绕打好打赢脱贫攻坚战，我们不断夯实精准帮扶基础、产业脱贫基础、各方责任基础、基层队伍基础和工作作风基础，努力补短板、强弱项，把脱贫攻坚工作向纵深推进。希望以此次学习考察为契机，加快推动两省在更广领域、更大范围开展更加务实的合作，携手向全面建成小康社会目标迈进。 四川省委常委、农工委主任曲木史哈介绍四川脱贫攻坚总体情况。甘肃省人大常委会副主任、甘南州委书记俞成辉，甘肃省政协副主席、平凉市委书记郭承录出席座谈会。两省相关部门和市县负责人就脱贫攻坚有关工作进行了交流。（记者 胡彦殊 张守帅）,甘肃省,成都市,唐仁健,甘肃省省委副书记、省长,彭清华,四川省委书记,2018,2018-11-22 00:00:00,1.0,围绕进一步提升四川与甘肃全方位合作水平，特别是加大精准脱贫攻坚工作交流力度、推动基础设施互联互通、促进区域协调发展、提升产业合作层次以及加强科技、教育、文化、旅游等方面合作,否,区域规划；宏观经济；科技通信；教育；文化旅游
结束对河南的感恩致谢，9月15日，四川省党政代表团前往河北省感恩致谢，学习考察。15日下午，两省在石家庄市举行经济社会发展情况交流座谈会。河北省委书记张庆黎，四川省委副书记、省长蒋巨峰，河北省委副书记、代省长张庆伟出席座谈会并讲话。 张庆黎用“患难与共、风雨同舟、感同身受”形容两省在灾后重建中结下的友谊。张庆黎说，汶川特大地震发生后，四川人民展开了气壮山河、艰苦卓绝的救援和重建，书写了从悲壮走向豪迈的伟大篇章。我们欣喜地看到曾经满目疮痍的灾区旧貌换新颜；欣喜地看到灾区人民经历了灾后重建的锤炼和洗礼，正满怀信心创造新的美好生活；欣喜地看到四川受灾不误发展，抗灾促进发展，到处充满了生机和活力。 张庆黎说，四川和河北是“兄弟加战友，冀川一家亲”。四川在全国大局中具有非常重要的战略地位，河北是京畿重地、沿海大省，“十二五”两省都面临着难得的机遇，要进一步深化交流与合作，使两省发展得更快一些，让老百姓的日子过得更好一些，对国家的贡献更大一些。 蒋巨峰和张庆伟分别介绍了两省的省情，并就加强两省交流合作达成了共识。 蒋巨峰感谢河北对四川抗震救灾和灾后恢复重建的倾情援助和鼎力支持，特别感谢那些远离家乡、舍生忘死奋战在四川灾后恢复重建第一线的援建人员。蒋巨峰指出，河北的支援不仅让平武人民重建了美好家园，更为平武长远发展提供了有力支撑。 蒋巨峰说，虽然汶川地震让四川遭受巨大损失，但四川经济社会发展的基本面没有改变，四川作为西部投资首选地的地位更加凸显。2008年到今年7月份，全省累计引进国内省外资金1.67万亿元，是之前10年全省引进总量的3.3倍，每年跨越一个千亿元台阶；实际利用外资198亿美元，是改革开放30年全省实际利用外资总额的1.2倍。 蒋巨峰就进一步加强两省交流合作提出建议－－巩固对口援建成果，推动对口支援向长期合作转变；坚持互利共赢、市场主体，推动两省更加广泛深入地交流合作；密切两省党政友好往来，加强高层互访互动，不断提高合作的层次和水平。 张庆伟介绍了河北省经济社会发展情况。他说，冀川虽相隔千里之遥，但合作前景广阔。“十一五”以来，河北先后在四川投资678个项目、总计83.4亿元，川航等大型企业落户河北，特别是在对口援建中结下了深厚友谊。两省要在旅游文化、商贸物流、航空、农产品深加工等方面加强对接，在更广泛的领域展开合作。 四川省副省长张作哈、省政府秘书长于伟；河北省委常委、副省长杨崇勇，省委常委、石家庄市委书记孙瑞彬，省委常委、省委秘书长景春华，省长助理、省政府秘书长尹亚力出席座谈会。 （记者 李秋怡）。张作哈出席全省第八届村（居）民委员会换届选举工作总结暨“难点村”治理工作推进会并讲话,四川省,河北省,蒋巨峰,四川省委副书记、省长,张庆黎,河北省委书记,2015,2015-09-15 00:00:00,1.0,加强两省交流合作；巩固对口援建成果；在旅游文化、商贸物流、航空、农产品深加工等方面加强对接,否,贸易金融；文化旅游；宏观经济
4月22日，南充市委书记刘宏建赴江苏省海门市学习考察，参观了通光集团海门港工业园及通光光缆生产线、和泰通讯、斯德雷特光纤等当地重点企业。海门市立足工业兴市、做大工业经济规模、“集群式”发展光缆通讯器材的成功经验，给刘宏建留下了深刻印象，他指出，海门市做大工业经济“蛋糕”的关键在于思想不断解放、观念不断更新，想创业、敢创业、会创业的社会氛围浓厚。当务之急，我们的首要任务就是转方式、调结构、抓创新，做大工业经济总量，做强产业支撑，努力增强可持续发展动力。 市委副书记陈光浩，市委常委、市委秘书长刘彬参加考察。 海门市通光集团的光缆电器系列产品项目于前年6月落户我市西充多扶工业园，目前，已建成28条生产线，年销售收入将达5亿元。刘宏建到通光集团考察，既是一次回访，也是一次产业对接。在通光集团董事长张强陪同下，刘宏建考察了通光集团海门港工业园，但见生产车间内机器在飞速转动，场地上、仓库里堆放整齐的产品整装待发。“通光人”坚持走自主创新之路，坚持人才和科技强企、品牌和质量兴企的发展理念，致力于对节能、智能、资源优化型产品的开发和市场引导，先后引进国内外最先进的导线、电缆成套生产和监测设备，形成了具有自主知识产权的专利技术，增强了企业的核心竞争能力。对此，刘宏建高兴地说，通光集团依托自身科技团队研发的成套光缆、光缆插芯、通讯电器等系列产品，靠的就是关键核心技术，提升了品牌价值；靠的是精细化管理，实现了提质增效；靠的是创新驱动，增强了企业核心竞争力。南充现在的油气化工、汽车汽配、丝纺服装、轻工食品四大产业都要学习借鉴“通光经验”，持续抓好技术创新，不断增强企业核心竞争力。 通光集团何以能在激烈的市场竞争中持续稳步发展，张强一语道破：瞄准高端市场，不断开发新产品，以创新激活企业发展活力。他介绍，通光集团吸收了国际先进的生产工艺技术，率先研发生产并为国内国际市场提供了大截面、防冰雪、节能扩容系列导线产品，四网融合的光纤复合电缆系列产品，以及性能安全、实现铝代铜的铝合金电缆系列产品。 随后，刘宏建实地参观了通光集团光纤、铝合金杆线、海缆、合金电缆、航空电缆生产线。张强介绍，OPGW（四网融合）光缆和航空用的电子线缆是通光的高新技术产品，每年的销售增幅在30％以上。刘宏建点头赞许：这就是以高端产品抢占了市场。 来到中外合资斯德雷特通光科技公司，刘宏建饶有兴致地参观了光纤、光缆、光纤复合架空地线、数据电缆、电力电缆生产线。在考察中得知，这是一家全球领先的电力和电信行业输入提供商。 当天，刘宏建还参观了和泰通讯器材有限公司，这是一家从事光、电缆辅助材料及通讯器材的专业生产企业，拥有20条FRP光缆加强芯生产流水线等生产设备，其非金属光缆加强芯是企业的主打产品，市场占有率相当高。刘宏建说，一个企业的发展壮大，关键取决于市场对产品的认可。只有开发与市场适销对路的产品，企业才有生命力。 “它山之石，可以攻玉。”刘宏建指出，通光集团海门港工业园，集中发展光缆、电缆及通讯器材，形成了规模宏大的专业产业园，很有特色，发展思路值得借鉴。几年前，南充在建设工业园时提出要集中、集约、集群布局产业，形成园区1至2个主导产业，这是做大、做优、做专、做强工业经济很好的路子。考察期间，刘宏建真诚邀请海门的企业家到南充参观考察，表示将为投资南充的企业提供热情周到的服务。 22日晚，刘宏建在与海门市委、市政府有关领导座谈时，介绍了南充的市情、投资环境、资源优势和区位条件，认为双方在资源开发、产业发展等方面有很大的合作空间和潜力，希望两市加强交流合作，促进经济社会全面、可持续发展。,南充市,海门市,刘宏建,南充市市委书记,,,2023,2023-04-22 00:00:00,1.0,产业对接；致力于对节能、智能、资源优化型产品的开发和市场引导； ,否,宏观经济；
雅安市党政代表团赴重庆市学习考察 做发展之功 走融合之路 为推动成渝地区双城经济圈建设贡献力量 我市在渝集中签约6个投资和合作协议，与重庆市江津区缔结友好城市 熊雪程志毅于会文兰开驰出席有关活动 - 雅安市人民政府。雅安日报/北纬网讯 4月26日至28日，市委书记兰开驰率雅安市党政代表团赴重庆市学习考察，认真贯彻习近平总书记在中央财经委员会第六次会议上的重要讲话精神和党中央推动成渝地区双城经济圈建设战略部署，全面落实推动成渝地区双城经济圈建设四川重庆党政联席会议第一次会议精神，做发展之功，走融合之路，为推动成渝地区双城经济圈建设贡献力量。。重庆市副市长、重庆高新区党工委书记熊雪，江津区委书记程志毅，大足区委书记于会文分别出席有关活动。。26日下午，四川省雅安市、重庆市江津区合作交流会在江津区举行。程志毅主持会议并讲话，兰开驰出席会议并讲话。江津区委常委、常务副区长唐大军，雅安市委常委、常务副市长宋开慧分别介绍两地经济社会发展情况和合作事项，并代表双方签署《四川省雅安市人民政府 重庆市江津区人民政府缔结友好城市战略合作协议》，明确了商贸物流、文化旅游、产业和重点园区、人才交流等方面合作事项。。程志毅代表江津区委、区人大常委会、区政府、区政协和全区人民，向雅安市党政代表团表示热烈欢迎。他说，雅安和江津水相连、业相关、文相近、情相依，肩负着融入成渝地区双城经济圈建设的共同使命。希望双方以缔结友好城市为契机，牢固树立“一盘棋”思想，贯彻“一体化”理念，进一步密切交往、深化合作，尽快把战略要求转化为战略行动，为推动成渝地区双城经济圈建设贡献力量。要加强党政沟通交流，建立完善推动合作发展的体制机制，定期交流互访和召开联席会议，统筹推进合作事项和项目，推动两地合作取得实实在在的成效。要加强交通物流合作，发挥两地交通物流枢纽的区位优势，在加快交通建设、构建物流通道、拓展市场空间等方面深化合作，努力提升两地开放及商贸物流发展水平。要加强产业协同合作，大力支持两地企业到对方城市投资发展，鼓励以产业为纽带、以集群为路径，加强跨区域整合和配套协作，促进两地产业互补和经济共荣。要加强科教文旅合作，发挥两地文化相通的深厚渊源，建立健全多层次人文交流合作机制，推进教育、医疗、卫生、安全稳定、社会保障等合作共建，加强旅游资源互相推介，推动两地文旅产业提质增效。。兰开驰代表市委、市政府感谢江津区委、区政府及社会各界长期以来给予雅安发展的关心和支持。他说，巴蜀一家亲，川渝一盘棋。江津与雅安人文相亲、区位相似、生态相系、发展相连，区域合作基础良好、前景广阔。江津开明开放的环境、充满活力的产业和干部只争朝夕的干劲给代表团留下了深刻印象，城市建设、园区建设、产业发展等方面的好经验好做法值得雅安学习借鉴。推动成渝地区双城经济圈建设，是以习近平同志为核心的党中央作出的重大战略部署，是赋予我们的重大责任和使命，是高质量发展的重大机遇。雅安与江津缔结友好城市，既是落实党中央重大战略和重庆市委、四川省委部署的具体行动，也是友谊的续写，更是双方交流合作的新起点，雅安将以此为契机，与江津建立起长期、稳定、全面的合作关系，共同为成渝地区双城经济圈建设添砖加瓦。希望双方进一步增强区域合作共识，促进两地资源开发利用、市场互补共享，实现资源整合、抱团发展、共赢发展；进一步推动合作项目落地，把战略合作协议细化落实到具体合作项目上，在汽车产业、农业产业、数字经济发展等方面深化合作；进一步建立健全长效机制，共同制定年度目标，加强两地职能部门联系，加快构建区域协同发展新格局，促进两地经济社会高质量发展。,雅安市,重庆市,兰开驰,雅安市市委书记,熊雪,重庆市副市长、重庆高新区党工委书记,2023,2023-04-26 00:00:00,3.0,全面落实推动成渝地区双城经济圈建设四川重庆党政联席会议第一次会议精神；商贸物流、文化旅游、产业和重点园区、人才交流等方面合作事项；城市建设、园区建设、产业发展等方面的好经验好做法值得雅安学习借鉴；数字经济发展,否,宏观经济；区域规划；贸易金融；文化旅游；交通运输；劳动就业；流动人口；科技通信
6月13日，四川省委书记王东明，四川省委副书记、省长尹力，率四川省党政代表团赴重庆市学习考察。 在重庆·四川深化合作交流座谈会上，重庆市委书记孙政才、四川省委书记王东明分别讲话。重庆市长黄奇帆、四川省长尹力分别介绍重庆市、四川省经济社会发展情况。 两地签署了“1+10”合作协议，将进一步促进川渝持续合作，纵深发展。 ◆◆◆川渝一家亲 巴山蜀水，川渝情深。自古以来，川渝地缘相接、人缘相亲、文化一脉。 川渝一家亲，两地之间的合作发展也从未停歇。 一年来川渝合作紧锣密鼓 去年5月，川渝两地签署《关于加强两省市合作共筑成渝城市群工作备忘录》，明确将推进交通、信息、市场、环保、产业和公共服务等6个方面的一体化进程。 今年3月底，国务院常务会议通过《成渝城市群发展规划》，明确提出包括“建立成本共担利益共享协同发展机制，推动资本、技术等市场一体化”在内的五大发展任务，使川渝合作面临新机遇、新任务。 6月13日，四川省党政代表团来渝考察。孙政才、黄奇帆与四川省委书记王东明，省委副书记、省长尹力率领的四川省党政代表团座谈交流，共商进一步深化川渝务实合作大计。 ◆◆◆这次川渝两地的交流究竟带来了什么呢？ 两地签“1+10”合作协议。深化合作，两位书记这样说 王东明对深化川渝合作提出六点建议 去年签署备忘录以来，川渝合作已经迈上新的台阶，为进一步深化合作打下了坚实基础。 当前，“一带一路”、长江经济带建设以及新一轮西部大开发等国家战略的持续深入推进，给成渝城市群发展带来了重大历史性机遇。今年1月，习近平总书记在重庆主持召开座谈会，对推动长江经济带发展作出新的部署，为成渝城市群发展指明了前进方向。 两省市今天签署的“1+10”合作协议，标志着川渝务实合作迈向更深层次和更高水平。 •加强生态环境保护合作，共同构建长江上游生态屏障； •加强基础设施互联互通，共同构建长江上游综合立体交通走廊； •加强先进制造业等高端产业合作，共同构建长江上游现代产业基地； •加强文化旅游合作，共同构建长江上游国际黄金旅游带； •加强教育医疗社保合作，共同构建公共服务一体化发展机制； •加强要素市场建设合作，共同构建川渝区域大市场。 孙政才说川渝合作要做好“四个坚持” 自去年川渝签署合作备忘录以来，两省市扎实推进6个领域、18项重大合作事项，产业发展、基础设施互联互通、市场一体化、信息共享、公共服务、资源环境保护等领域取得丰硕成果，并逐步形成合作发展的长效机制。随着“一带一路”建设和长江经济带发展的深入推进，随着国家《长江经济带规划纲要》、《成渝城市群发展规划》等文件的出台，川渝合作面临新机遇、新任务。 我们要认真贯彻习近平总书记系列重要讲话精神和中央部署要求，牢固树立新发展理念，进一步优化完善两省市合作发展的思路和举措，共同推动川渝合作迈上新台阶。 •一要坚持改革引领。更多地在深化体制机制改革上下功夫，发挥好中新（重庆）战略性互联互通示范项目、四川全面创新改革试验区建设等引领带动作用，加快区域经济一体化步伐。 •二要坚持问题导向。精准聚焦、精准施策，共同找准阻碍深化合作的关键环节和不利因素，切实加以解决。 •三要坚持市场主导。充分发挥市场在资源配置中的决定性作用和更好发挥政府作用，促进资源要素在区域内自由流动、优化配置。 •四要坚持重点突破。抓住生态建设、产业发展、基础设施、公共服务等合作的重点和关键，加强统筹协调、密切协作联动，确保合作事项落到实处、收到实效。希望双方携手并进、共同努力，扎实推进两省市互利共赢、协同发展，推动川渝合作取得更丰硕成果。,四川省,重庆市,王东明,四川省委书记,孙政才,重庆市委书记,2016,2016-06-13 00:00:00,1.0,川渝务实合作；；加强基础设施互联互通；加强先进制造业等高端产业合作；；长江上游生态屏障；；川渝城市群发展规划；,否,交通运输；贸易金融；宏观经济；环境保护
